id,media_path,media_type,file_size,name,description,apparatus,uploaded_by,uploaded_at,is_synced
1f029e9a-7ee0-6657-a9fa-65c8266aeb42,uplift/double_knee_hook_trash_can.jpg,image,2846305,double_knee_hook_trash_can,Joanne's Flashcards,lyra,35327f2b-9205-440f-8e38-f6da18f4dd54,2025-05-02T18:15:17.755Z,0
1f029e9a-7ee0-678b-b864-5b8452996cd6,uplift/inside_lion.jpg,image,2496363,inside_lion,Joanne's Flashcards,lyra,35327f2b-9205-440f-8e38-f6da18f4dd54,2025-05-02T18:15:17.755Z,0
1f029e9a-7ee0-681c-8ba5-76c1cc2e1fb2,uplift/lady_in_the_moon.jpg,image,2877201,lady_in_the_moon,Joanne's Flashcards,lyra,35327f2b-9205-440f-8e38-f6da18f4dd54,2025-05-02T18:15:17.755Z,0
1f029e9a-7ee0-6888-a5e5-d2aa9bb2d31a,uplift/knee_hook_layout_under_bar.jpg,image,2243491,knee_hook_layout_under_bar,Joanne's Flashcards,lyra,35327f2b-9205-440f-8e38-f6da18f4dd54,2025-05-02T18:15:17.755Z,0
1f029e9a-7ee0-6937-8e88-362dd04fe6a2,uplift/clock.jpg,image,2234050,clock,Joanne's Flashcards,lyra,35327f2b-9205-440f-8e38-f6da18f4dd54,2025-05-02T18:15:17.755Z,0
1f029e9a-7ee0-6991-bb68-a406679d3ab7,uplift/high_layout_2_hands.jpg,image,2132716,high_layout_2_hands,Joanne's Flashcards,lyra,35327f2b-9205-440f-8e38-f6da18f4dd54,2025-05-02T18:15:17.755Z,0
1f029e9a-7ee0-69eb-9ee5-5b16ca1abd02,uplift/standing_inside_hoop.jpg,image,1982749,standing_inside_hoop,Joanne's Flashcards,lyra,35327f2b-9205-440f-8e38-f6da18f4dd54,2025-05-02T18:15:17.755Z,0
1f029e9a-7ee0-6a39-914f-5b578cf1cb23,uplift/cuddle.jpg,image,2554828,cuddle,Joanne's Flashcards,lyra,35327f2b-9205-440f-8e38-f6da18f4dd54,2025-05-02T18:15:17.755Z,0
1f029e9a-7ee0-6a89-83bd-9dd1e379d136,uplift/profile_sit.jpg,image,2401013,profile_sit,Joanne's Flashcards,lyra,35327f2b-9205-440f-8e38-f6da18f4dd54,2025-05-02T18:15:17.755Z,0
1f029e9a-7ee0-6ad7-857b-9ba516138d22,uplift/flamingo.jpg,image,3032936,flamingo,Joanne's Flashcards,lyra,35327f2b-9205-440f-8e38-f6da18f4dd54,2025-05-02T18:15:17.755Z,0
1f029e9a-7ee0-6b23-9eb6-fcba0c880306,uplift/toe_squat.jpg,image,2307851,toe_squat,Joanne's Flashcards,lyra,35327f2b-9205-440f-8e38-f6da18f4dd54,2025-05-02T18:15:17.755Z,0
1f029e9a-7ee0-6b73-b478-869c60658fee,uplift/high_layout_1_hand.jpg,image,1921970,high_layout_1_hand,Joanne's Flashcards,lyra,35327f2b-9205-440f-8e38-f6da18f4dd54,2025-05-02T18:15:17.755Z,0
1f029e9a-7ee0-6bcd-b8c0-0187c2e0a6ec,uplift/man_in_the_moon.jpg,image,328121,man_in_the_moon,Joanne's Flashcards,lyra,35327f2b-9205-440f-8e38-f6da18f4dd54,2025-05-02T18:15:17.755Z,0
1f029e9a-7ee0-6c1d-8616-f7ede22e86ba,uplift/stag.jpg,image,2546396,stag,Joanne's Flashcards,lyra,35327f2b-9205-440f-8e38-f6da18f4dd54,2025-05-02T18:15:17.755Z,0
1f029e9a-7ee0-6c6b-92e9-b8902ec59f98,uplift/l_sit.jpg,image,1906394,l_sit,Joanne's Flashcards,lyra,35327f2b-9205-440f-8e38-f6da18f4dd54,2025-05-02T18:15:17.755Z,0
1f029e9a-7ee0-6cb9-a4cf-910ee35411fb,uplift/hip_hang.jpg,image,1473970,hip_hang,Joanne's Flashcards,lyra,35327f2b-9205-440f-8e38-f6da18f4dd54,2025-05-02T18:15:17.755Z,0
1f029e9a-7ee0-6d03-baa7-bcbb81cc9763,uplift/horse.jpg,image,2052892,horse,Joanne's Flashcards,lyra,35327f2b-9205-440f-8e38-f6da18f4dd54,2025-05-02T18:15:17.755Z,0
1f029e9a-7ee0-6d4e-99ea-dd09e08466c1,uplift/profile_plank.jpg,image,2420351,profile_plank,Joanne's Flashcards,lyra,35327f2b-9205-440f-8e38-f6da18f4dd54,2025-05-02T18:15:17.755Z,0
1f029e9a-7ee0-6fc2-a616-e41777179a9f,uplift/butt_shelf_hands_on.jpg,image,2164290,butt_shelf_hands_on,Joanne's Flashcards,lyra,35327f2b-9205-440f-8e38-f6da18f4dd54,2025-05-02T18:15:17.755Z,0
1f029e9a-7ee1-6021-95d7-6b5468db0150,uplift/stand_in_hoop_star.jpg,image,300953,stand_in_hoop_star,Joanne's Flashcards,lyra,35327f2b-9205-440f-8e38-f6da18f4dd54,2025-05-02T18:15:17.755Z,0
1f029e9a-7ee1-6074-ab14-2c5163889fbd,uplift/pike_top_bar.jpg,image,1671978,pike_top_bar,Joanne's Flashcards,lyra,35327f2b-9205-440f-8e38-f6da18f4dd54,2025-05-02T18:15:17.755Z,0
1f029e9a-7ee1-60d6-aa23-31813bc421e5,uplift/top_bar_sit_reach_for_hoop.jpg,image,385747,top_bar_sit_reach_for_hoop,Joanne's Flashcards,lyra,35327f2b-9205-440f-8e38-f6da18f4dd54,2025-05-02T18:15:17.755Z,0
1f029e9a-7ee1-6125-a1ae-4491ac25a731,uplift/fish_injured.jpg,image,456827,fish_injured,Joanne's Flashcards,lyra,35327f2b-9205-440f-8e38-f6da18f4dd54,2025-05-02T18:15:17.755Z,0
1f029e9a-7ee1-6175-bb30-f1c0e7f4e420,uplift/man_in_moon_straddle.jpg,image,1788332,man_in_moon_straddle,Joanne's Flashcards,lyra,35327f2b-9205-440f-8e38-f6da18f4dd54,2025-05-02T18:15:17.755Z,0
1f029e9a-7ee1-61c3-a87b-cac813b92a77,uplift/hip_hang_flip_out.jpg,image,2337954,hip_hang_flip_out,Joanne's Flashcards,lyra,35327f2b-9205-440f-8e38-f6da18f4dd54,2025-05-02T18:15:17.755Z,0
1f029e9a-7ee1-6212-9dd4-34a7f98bb3aa,uplift/gazelle_-_hands_on.jpg,image,1799948,gazelle_-_hands_on,Joanne's Flashcards,lyra,35327f2b-9205-440f-8e38-f6da18f4dd54,2025-05-02T18:15:17.755Z,0
1f029e9a-7ee1-625f-958a-6aff6d54398b,uplift/bottom_bar_flip_out.jpg,image,1363852,bottom_bar_flip_out,Joanne's Flashcards,lyra,35327f2b-9205-440f-8e38-f6da18f4dd54,2025-05-02T18:15:17.755Z,0
1f029e9a-7ee1-62b3-9af3-385e94adf5f4,uplift/single_knee_hang_bottom_bar_2_hands.jpg,image,1365258,single_knee_hang_bottom_bar_2_hands,Joanne's Flashcards,lyra,35327f2b-9205-440f-8e38-f6da18f4dd54,2025-05-02T18:15:17.755Z,0
1f029e9a-7ee1-6303-8ddb-ce94b5108e3b,uplift/low_outside_mermaid.jpg,image,1227461,low_outside_mermaid,Joanne's Flashcards,lyra,35327f2b-9205-440f-8e38-f6da18f4dd54,2025-05-02T18:15:17.755Z,0
1f029e9a-7ee1-6354-b218-2acd47a322dd,uplift/knee_hang_bottom_bar_pike.jpg,image,354082,knee_hang_bottom_bar_pike,Joanne's Flashcards,lyra,35327f2b-9205-440f-8e38-f6da18f4dd54,2025-05-02T18:15:17.755Z,0
1f029e9a-7ee1-63a3-8812-d2f0ce59bc02,uplift/splits_down_hip_squared.jpg,image,1935146,splits_down_hip_squared,Joanne's Flashcards,lyra,35327f2b-9205-440f-8e38-f6da18f4dd54,2025-05-02T18:15:17.755Z,0
1f029e9a-7ee1-63fd-b536-edafb2aaa09d,uplift/l_pop.jpg,image,2664342,l_pop,Joanne's Flashcards,lyra,35327f2b-9205-440f-8e38-f6da18f4dd54,2025-05-02T18:15:17.755Z,0
1f029e9a-7ee1-644c-ba4d-2aa2210df4cc,uplift/candlestick.jpg,image,2685744,candlestick,Joanne's Flashcards,lyra,35327f2b-9205-440f-8e38-f6da18f4dd54,2025-05-02T18:15:17.755Z,0
1f029e9a-7ee1-649c-8480-fa366655637c,uplift/profile_plank_l_pop_with_split.jpg,image,2097805,profile_plank_l_pop_with_split,Joanne's Flashcards,lyra,35327f2b-9205-440f-8e38-f6da18f4dd54,2025-05-02T18:15:17.755Z,0
1f029e9a-7ee1-64ea-9b0d-bdb7a85ae48a,uplift/sky_diver_bottom_bar.jpg,image,1521661,sky_diver_bottom_bar,Joanne's Flashcards,lyra,35327f2b-9205-440f-8e38-f6da18f4dd54,2025-05-02T18:15:17.755Z,0
1f029e9a-7ee1-653a-af87-cce9893ac03d,uplift/secretary_sit_under_bar.jpg,image,3083348,secretary_sit_under_bar,Joanne's Flashcards,lyra,35327f2b-9205-440f-8e38-f6da18f4dd54,2025-05-02T18:15:17.755Z,0
1f029e9a-7ee1-6587-8963-56ab48594fc9,uplift/delilah.jpg,image,1620283,delilah,Joanne's Flashcards,lyra,35327f2b-9205-440f-8e38-f6da18f4dd54,2025-05-02T18:15:17.755Z,0
1f029e9a-7ee1-65d0-9935-c7d0e93538fc,uplift/figure_head.jpg,image,2956564,figure_head,Joanne's Flashcards,lyra,35327f2b-9205-440f-8e38-f6da18f4dd54,2025-05-02T18:15:17.755Z,0
1f029e9a-7ee1-661b-8061-9e6c7c8ea6a8,uplift/hip_hang_foot_block.jpg,image,1369029,hip_hang_foot_block,Joanne's Flashcards,lyra,35327f2b-9205-440f-8e38-f6da18f4dd54,2025-05-02T18:15:17.755Z,0
1f029e9a-7ee1-6677-8c5f-e7ba34734d86,uplift/knee_hang_top_bar_hands_high.jpg,image,2510452,knee_hang_top_bar_hands_high,Joanne's Flashcards,lyra,35327f2b-9205-440f-8e38-f6da18f4dd54,2025-05-02T18:15:17.755Z,0
1f029e9a-7ee1-66c6-b677-9220b8ad7b9c,uplift/gazelle_-_hands_on_knee.jpg,image,1983455,gazelle_-_hands_on_knee,Joanne's Flashcards,lyra,35327f2b-9205-440f-8e38-f6da18f4dd54,2025-05-02T18:15:17.755Z,0
1f029e9a-7ee1-6713-84b7-9ab8519ede3b,uplift/standing_in_hoop_stag_legs.jpg,image,2542500,standing_in_hoop_stag_legs,Joanne's Flashcards,lyra,35327f2b-9205-440f-8e38-f6da18f4dd54,2025-05-02T18:15:17.755Z,0
1f029e9a-7ee1-6762-be60-7999c152ae01,uplift/vine_crawl.jpg,image,1397362,vine_crawl,Joanne's Flashcards,lyra,35327f2b-9205-440f-8e38-f6da18f4dd54,2025-05-02T18:15:17.755Z,0
1f029e9a-7ee1-67ad-889f-503db14f8f4a,uplift/prowl.jpg,image,2784131,prowl,Joanne's Flashcards,lyra,35327f2b-9205-440f-8e38-f6da18f4dd54,2025-05-02T18:15:17.755Z,0
1f029e9a-7ee1-67fd-b0b1-fdd5af2bf574,uplift/knee_hang_top_bar_forward_press_away.jpg,image,1339601,knee_hang_top_bar_forward_press_away,Joanne's Flashcards,lyra,35327f2b-9205-440f-8e38-f6da18f4dd54,2025-05-02T18:15:17.755Z,0
1f029e9a-7ee1-684a-948c-30fc65a3a543,uplift/half_mill_roll.jpg,image,2990816,half_mill_roll,Joanne's Flashcards,lyra,35327f2b-9205-440f-8e38-f6da18f4dd54,2025-05-02T18:15:17.755Z,0
1f029e9a-7ee1-6896-ad12-d12bac3f76ce,uplift/dragonfly.jpg,image,2662380,dragonfly,Joanne's Flashcards,lyra,35327f2b-9205-440f-8e38-f6da18f4dd54,2025-05-02T18:15:17.755Z,0
1f029e9a-7ee1-68e6-ae4b-80a25599233f,uplift/knee_hang_bottom_bar_single_-_one_hand.jpg,image,2738153,knee_hang_bottom_bar_single_-_one_hand,Joanne's Flashcards,lyra,35327f2b-9205-440f-8e38-f6da18f4dd54,2025-05-02T18:15:17.755Z,0
1f029e9a-7ee1-693c-8c67-01b11ce1a1e6,uplift/amazon_split.jpg,image,2635310,amazon_split,Joanne's Flashcards,lyra,35327f2b-9205-440f-8e38-f6da18f4dd54,2025-05-02T18:15:17.755Z,0
1f029e9a-7ee1-6989-8ab3-df6682562cc8,uplift/butt_shelf_straight_legs.jpg,image,2262887,butt_shelf_straight_legs,Joanne's Flashcards,lyra,35327f2b-9205-440f-8e38-f6da18f4dd54,2025-05-02T18:15:17.755Z,0
1f029e9a-7ee1-69d5-a908-bd962846e00a,uplift/hip_hang_flip_in.jpg,image,2237903,hip_hang_flip_in,Joanne's Flashcards,lyra,35327f2b-9205-440f-8e38-f6da18f4dd54,2025-05-02T18:15:17.755Z,0
1f029e9a-7ee1-6a2b-8d0b-bf36040c8c0f,uplift/inside_lion_arabesque.jpg,image,1788250,inside_lion_arabesque,Joanne's Flashcards,lyra,35327f2b-9205-440f-8e38-f6da18f4dd54,2025-05-02T18:15:17.755Z,0
1f029e9a-7ee1-6a75-9078-108cd5de9b6c,uplift/stand_in_hoop_star_one_leg.jpg,image,306165,stand_in_hoop_star_one_leg,Joanne's Flashcards,lyra,35327f2b-9205-440f-8e38-f6da18f4dd54,2025-05-02T18:15:17.755Z,0
1f029e9a-7ee1-6ac1-b92e-e23b6341c2a8,uplift/mermaid_inside_split_legs.jpg,image,1954998,mermaid_inside_split_legs,Joanne's Flashcards,lyra,35327f2b-9205-440f-8e38-f6da18f4dd54,2025-05-02T18:15:17.755Z,0
1f029e9a-7ee1-6b0f-98f5-ac3017c4d7ab,uplift/mermaid_inside.jpg,image,1441799,mermaid_inside,Joanne's Flashcards,lyra,35327f2b-9205-440f-8e38-f6da18f4dd54,2025-05-02T18:15:17.755Z,0
1f029e9a-7ee1-6b5b-b17f-6b6e0b8950b7,uplift/genie_dismount.jpg,image,899455,genie_dismount,Joanne's Flashcards,lyra,35327f2b-9205-440f-8e38-f6da18f4dd54,2025-05-02T18:15:17.755Z,0
1f029e9a-7ee1-6ba3-b0d4-c979f59d7d7a,uplift/outside_lion.jpg,image,2404036,outside_lion,Joanne's Flashcards,lyra,35327f2b-9205-440f-8e38-f6da18f4dd54,2025-05-02T18:15:17.755Z,0
1f029e9a-7ee1-6bec-8ec6-69224a7f00a5,uplift/sitting_top_bar.jpg,image,394230,sitting_top_bar,Joanne's Flashcards,lyra,35327f2b-9205-440f-8e38-f6da18f4dd54,2025-05-02T18:15:17.755Z,0
1f029e9a-7ee1-6c3c-ae20-92cee6c34b51,uplift/popsicle_-_straight_legs.jpg,image,2414107,popsicle_-_straight_legs,Joanne's Flashcards,lyra,35327f2b-9205-440f-8e38-f6da18f4dd54,2025-05-02T18:15:17.755Z,0
1f029e9a-7ee1-6cd6-b6fb-8a3b078f9ac9,uplift/hip_hang_zipper.jpg,image,3260919,hip_hang_zipper,Joanne's Flashcards,lyra,35327f2b-9205-440f-8e38-f6da18f4dd54,2025-05-02T18:15:17.755Z,0
1f029e9a-7ee1-6d23-975e-dfe4d43793e4,uplift/arabesque_from_seated.jpg,image,1438587,arabesque_from_seated,Joanne's Flashcards,lyra,35327f2b-9205-440f-8e38-f6da18f4dd54,2025-05-02T18:15:17.755Z,0
1f029e9a-7ee1-6d70-b9d1-50fbed763925,uplift/low_man_in_the_moon.jpg,image,1537533,low_man_in_the_moon,Joanne's Flashcards,lyra,35327f2b-9205-440f-8e38-f6da18f4dd54,2025-05-02T18:15:17.755Z,0
1f029e9a-7ee1-6dbd-8297-fba809d1f5bd,uplift/high_outside_mermaid.jpg,image,1700973,high_outside_mermaid,Joanne's Flashcards,lyra,35327f2b-9205-440f-8e38-f6da18f4dd54,2025-05-02T18:15:17.755Z,0
1f029e9a-7ee1-6e0b-b9ce-e280fa827620,uplift/around_the_world.jpg,image,1194949,around_the_world,Joanne's Flashcards,lyra,35327f2b-9205-440f-8e38-f6da18f4dd54,2025-05-02T18:15:17.755Z,0
1f029e9a-7ee1-6e58-a109-393925225c05,uplift/tree_frog.jpg,image,1659505,tree_frog,Joanne's Flashcards,lyra,35327f2b-9205-440f-8e38-f6da18f4dd54,2025-05-02T18:15:17.755Z,0
1f029e9a-7ee1-6eaa-9822-33d4e97be695,uplift/half_angel_roll_low.jpg,image,1496284,half_angel_roll_low,Joanne's Flashcards,lyra,35327f2b-9205-440f-8e38-f6da18f4dd54,2025-05-02T18:15:17.755Z,0
1f029e9a-7ee1-6ef8-83e3-ff135b0399f2,uplift/outside_mermaid_arabesque.jpg,image,1578309,outside_mermaid_arabesque,Joanne's Flashcards,lyra,35327f2b-9205-440f-8e38-f6da18f4dd54,2025-05-02T18:15:17.755Z,0
1f029e9a-7ee1-6f43-b487-0664b930560b,uplift/running_man.jpg,image,1794134,running_man,Joanne's Flashcards,lyra,35327f2b-9205-440f-8e38-f6da18f4dd54,2025-05-02T18:15:17.755Z,0
1f029e9a-7ee1-6f92-ae4c-1a6af515e4c5,uplift/knee_hang_double_bottom_bar.jpg,image,1284896,knee_hang_double_bottom_bar,Joanne's Flashcards,lyra,35327f2b-9205-440f-8e38-f6da18f4dd54,2025-05-02T18:15:17.755Z,0
1f029e9a-7ee1-6fdc-8369-129e44e9e28a,uplift/popsicle_-_arch_&_bent_legs.jpg,image,1863182,popsicle_-_arch_&_bent_legs,Joanne's Flashcards,lyra,35327f2b-9205-440f-8e38-f6da18f4dd54,2025-05-02T18:15:17.755Z,0
1f029e9a-7ee2-6031-a0a1-0861ae8ac942,uplift/half_angel_roll.jpg,image,1764006,half_angel_roll,Joanne's Flashcards,lyra,35327f2b-9205-440f-8e38-f6da18f4dd54,2025-05-02T18:15:17.755Z,0
1f029e9a-7ee2-607f-856d-dc51d70e6f86,uplift/fish.jpg,image,1510992,fish,Joanne's Flashcards,lyra,35327f2b-9205-440f-8e38-f6da18f4dd54,2025-05-02T18:15:17.755Z,0
1f029e9a-7ee2-60d8-8633-8690132b4493,uplift/outside_mermaid_crossed_legs.jpg,image,1850301,outside_mermaid_crossed_legs,Joanne's Flashcards,lyra,35327f2b-9205-440f-8e38-f6da18f4dd54,2025-05-02T18:15:17.755Z,0
1f029e9a-7ee2-6134-af02-7f44d377c06c,uplift/ankle_cuddle.jpg,image,1944694,ankle_cuddle,Joanne's Flashcards,lyra,35327f2b-9205-440f-8e38-f6da18f4dd54,2025-05-02T18:15:17.755Z,0
1f029e9a-7ee2-617f-ae91-d9fde5111e89,uplift/pike_bottom_bar.jpg,image,1840192,pike_bottom_bar,Joanne's Flashcards,lyra,35327f2b-9205-440f-8e38-f6da18f4dd54,2025-05-02T18:15:17.755Z,0
1f029e9a-7ee2-61c8-b73f-620e6273ac9f,uplift/gazelle_-_one_hand_knee.jpg,image,2044842,gazelle_-_one_hand_knee,Joanne's Flashcards,lyra,35327f2b-9205-440f-8e38-f6da18f4dd54,2025-05-02T18:15:17.755Z,0
1f029e9a-7ee2-6212-855d-6995a59e533f,uplift/mermaid_inside_flamenco_grip.jpg,image,1429195,mermaid_inside_flamenco_grip,Joanne's Flashcards,lyra,35327f2b-9205-440f-8e38-f6da18f4dd54,2025-05-02T18:15:17.755Z,0
1f029e9a-7ee2-625f-9559-7ce73ece0eca,uplift/superman_-_hands_on.jpg,image,2139176,superman_-_hands_on,Joanne's Flashcards,lyra,35327f2b-9205-440f-8e38-f6da18f4dd54,2025-05-02T18:15:17.755Z,0
1f029e9a-7ee2-62a9-a5a5-f830ced5eb50,uplift/wine_glass.jpg,image,2482791,wine_glass,Joanne's Flashcards,lyra,35327f2b-9205-440f-8e38-f6da18f4dd54,2025-05-02T18:15:17.755Z,0
1f029e9a-7ee2-62f4-9608-582f404a5618,uplift/knee_hang_top_bar_hands_low.jpg,image,89295,knee_hang_top_bar_hands_low,Joanne's Flashcards,lyra,35327f2b-9205-440f-8e38-f6da18f4dd54,2025-05-02T18:15:17.755Z,0
1f029e9a-7ee2-6343-8a69-ab17b64a056a,uplift/standing_arabesque_inside_leg.jpg,image,3130456,standing_arabesque_inside_leg,Joanne's Flashcards,lyra,35327f2b-9205-440f-8e38-f6da18f4dd54,2025-05-02T18:15:17.755Z,0
1f029e9a-7ee2-638e-8c07-f31f939c7898,uplift/outside_knee_hook_both_legs.jpg,image,1554845,outside_knee_hook_both_legs,Joanne's Flashcards,lyra,35327f2b-9205-440f-8e38-f6da18f4dd54,2025-05-02T18:15:17.755Z,0
1f029e9a-7ee2-63db-9de8-40ac5c96f8a2,uplift/standing_arabesque_outside_leg.jpg,image,2857404,standing_arabesque_outside_leg,Joanne's Flashcards,lyra,35327f2b-9205-440f-8e38-f6da18f4dd54,2025-05-02T18:15:17.755Z,0
1f029e9a-7ee2-6428-bced-945f0cfe06f1,uplift/man_in_moon_low_legs_crossed.jpg,image,2490642,man_in_moon_low_legs_crossed,Joanne's Flashcards,lyra,35327f2b-9205-440f-8e38-f6da18f4dd54,2025-05-02T18:15:17.755Z,0
1f029e9a-7ee2-6486-8686-148f24dbceb1,uplift/bird’s_nest_bottom_bar.jpg,image,1434236,bird’s_nest_bottom_bar,Joanne's Flashcards,lyra,35327f2b-9205-440f-8e38-f6da18f4dd54,2025-05-02T18:15:17.755Z,0
1f029e9a-7ee2-64de-985d-b14e98f1335d,uplift/stand_outside_hoop.jpg,image,3172600,stand_outside_hoop,Joanne's Flashcards,lyra,35327f2b-9205-440f-8e38-f6da18f4dd54,2025-05-02T18:15:17.755Z,0
1f029e9a-7ee2-6527-a7ce-3e1706abe397,uplift/knee_hang_top_bar_back_press_away.jpg,image,96467,knee_hang_top_bar_back_press_away,Joanne's Flashcards,lyra,35327f2b-9205-440f-8e38-f6da18f4dd54,2025-05-02T18:15:17.755Z,0
1f029e9a-7ee2-6570-b6bc-bd8075481c40,uplift/spider_under_bar.jpg,image,1878055,spider_under_bar,Joanne's Flashcards,lyra,35327f2b-9205-440f-8e38-f6da18f4dd54,2025-05-02T18:15:17.755Z,0
1f029e9a-7ee2-65b9-9f58-003ee438a5ce,uplift/lion_roll.jpg,image,2673678,lion_roll,Joanne's Flashcards,lyra,35327f2b-9205-440f-8e38-f6da18f4dd54,2025-05-02T18:15:17.755Z,0
1f029e9a-7ee2-6611-8983-c3fbb7dd397b,uplift/threaded_leg_exit.jpg,image,2167269,threaded_leg_exit,Joanne's Flashcards,lyra,35327f2b-9205-440f-8e38-f6da18f4dd54,2025-05-02T18:15:17.755Z,0
1f029e9a-7ee2-666a-a817-a05f576d809e,uplift/amazon_-_hands_on.jpg,image,1273336,amazon_-_hands_on,Joanne's Flashcards,lyra,35327f2b-9205-440f-8e38-f6da18f4dd54,2025-05-02T18:15:17.755Z,0
1f029e9a-7ee2-6952-8e43-86aeb1dd0bc8,uplift/inverted_running_man_top_bar.jpg,image,1361356,inverted_running_man_top_bar,Joanne's Flashcards,lyra,35327f2b-9205-440f-8e38-f6da18f4dd54,2025-05-02T18:15:17.755Z,0
1f029e9a-7ee2-69ab-abb8-ce779c01dabd,uplift/half_crescent_moon.jpg,image,1576057,half_crescent_moon,Joanne's Flashcards,lyra,35327f2b-9205-440f-8e38-f6da18f4dd54,2025-05-02T18:15:17.755Z,0
1f029e9a-7ee2-6a03-8c7b-7226d428e854,uplift/pretzel_single_arm_no_knee_hook.jpg,image,133700,pretzel_single_arm_no_knee_hook,Joanne's Flashcards,lyra,35327f2b-9205-440f-8e38-f6da18f4dd54,2025-05-02T18:15:17.755Z,0
1f029e9a-7ee2-6a57-a7d9-45b38e005e54,uplift/inverted_star_top_bar.jpg,image,1374317,inverted_star_top_bar,Joanne's Flashcards,lyra,35327f2b-9205-440f-8e38-f6da18f4dd54,2025-05-02T18:15:17.755Z,0
1f029e9a-7ee2-6aa2-a268-fe0260b58979,uplift/flying_saucer.jpg,image,2871490,flying_saucer,Joanne's Flashcards,lyra,35327f2b-9205-440f-8e38-f6da18f4dd54,2025-05-02T18:15:17.755Z,0
1f029e9a-7ee2-6af6-983f-c4279cc71f83,uplift/bird’s_nest_top_bar.jpg,image,1876607,bird’s_nest_top_bar,Joanne's Flashcards,lyra,35327f2b-9205-440f-8e38-f6da18f4dd54,2025-05-02T18:15:17.755Z,0
1f029e9a-7ee2-6b47-ae91-6e46f26a73f3,uplift/unsupported_mermaid.jpg,image,2774593,unsupported_mermaid,Joanne's Flashcards,lyra,35327f2b-9205-440f-8e38-f6da18f4dd54,2025-05-02T18:15:17.755Z,0
1f029e9a-7ee2-6b91-8238-20269dcca1d0,uplift/chest_stand_pike.jpg,image,2895499,chest_stand_pike,Joanne's Flashcards,lyra,35327f2b-9205-440f-8e38-f6da18f4dd54,2025-05-02T18:15:17.755Z,0
1f029e9a-7ee2-6bdc-a400-04dfb33b2fb7,uplift/ankle_hang_top_bar_-_holding_on.jpg,image,2346491,ankle_hang_top_bar_-_holding_on,Joanne's Flashcards,lyra,35327f2b-9205-440f-8e38-f6da18f4dd54,2025-05-02T18:15:17.755Z,0
1f029e9a-7ee2-6c29-8474-16d91dd55eb0,uplift/gazelle_twist_half_split.jpg,image,2136778,gazelle_twist_half_split,Joanne's Flashcards,lyra,35327f2b-9205-440f-8e38-f6da18f4dd54,2025-05-02T18:15:17.755Z,0
1f029e9a-7ee2-6c71-8a1d-e83a3da50fcd,uplift/butt_shelf_-_no_hands.jpg,image,2150116,butt_shelf_-_no_hands,Joanne's Flashcards,lyra,35327f2b-9205-440f-8e38-f6da18f4dd54,2025-05-02T18:15:17.755Z,0
1f029e9a-7ee2-6cbf-a54d-7b9b1a03b2e0,uplift/running_man_cross_knee_release.jpg,image,1752895,running_man_cross_knee_release,Joanne's Flashcards,lyra,35327f2b-9205-440f-8e38-f6da18f4dd54,2025-05-02T18:15:17.755Z,0
1f029e9a-7ee2-6d0d-90dd-1f94de3fd134,uplift/half_beauty_roll_-_from_high_outside_mermaid.jpg,image,318117,half_beauty_roll_-_from_high_outside_mermaid,Joanne's Flashcards,lyra,35327f2b-9205-440f-8e38-f6da18f4dd54,2025-05-02T18:15:17.755Z,0
1f029e9a-7ee2-6d59-8be0-b3c6c174c335,uplift/side_bar_inverted_secretary_sit.jpg,image,2234785,side_bar_inverted_secretary_sit,Joanne's Flashcards,lyra,35327f2b-9205-440f-8e38-f6da18f4dd54,2025-05-02T18:15:17.755Z,0
1f029e9a-7ee2-6da7-9183-5f8caeece461,uplift/diving_bird.jpg,image,3082711,diving_bird,Joanne's Flashcards,lyra,35327f2b-9205-440f-8e38-f6da18f4dd54,2025-05-02T18:15:17.755Z,0
1f029e9a-7ee2-6dff-a216-fe3cda338320,uplift/chest_stand_delilah.jpg,image,2035923,chest_stand_delilah,Joanne's Flashcards,lyra,35327f2b-9205-440f-8e38-f6da18f4dd54,2025-05-02T18:15:17.755Z,0
1f029e9a-7ee2-6e89-a302-49f48ae3ae6a,uplift/cuddle_slide.jpg,image,2056274,cuddle_slide,Joanne's Flashcards,lyra,35327f2b-9205-440f-8e38-f6da18f4dd54,2025-05-02T18:15:17.755Z,0
1f029e9a-7ee2-6ed7-8863-f5da52a27c40,uplift/circus_mermaid.jpg,image,2770795,circus_mermaid,Joanne's Flashcards,lyra,35327f2b-9205-440f-8e38-f6da18f4dd54,2025-05-02T18:15:17.755Z,0
1f029e9a-7ee2-6f3e-b67c-2c4cba6b7376,uplift/shoulder_stand_pike.jpg,image,1991301,shoulder_stand_pike,Joanne's Flashcards,lyra,35327f2b-9205-440f-8e38-f6da18f4dd54,2025-05-02T18:15:17.755Z,0
1f029e9a-7ee2-6f8a-ab62-e8d14f4f662e,uplift/superman_-_no_hands.jpg,image,1591053,superman_-_no_hands,Joanne's Flashcards,lyra,35327f2b-9205-440f-8e38-f6da18f4dd54,2025-05-02T18:15:17.755Z,0
1f029e9a-7ee2-6fd8-9810-e95e9bbfda95,uplift/fallen_angel.jpg,image,2750652,fallen_angel,Joanne's Flashcards,lyra,35327f2b-9205-440f-8e38-f6da18f4dd54,2025-05-02T18:15:17.755Z,0
1f029e9a-7ee3-6027-98bc-d644af10b618,uplift/inverted_star_hoop_flip.jpg,image,2124884,inverted_star_hoop_flip,Joanne's Flashcards,lyra,35327f2b-9205-440f-8e38-f6da18f4dd54,2025-05-02T18:15:17.755Z,0
1f029e9a-7ee3-6083-b6d4-75770d1ed8a6,uplift/split_leg_thru_window_reverse.jpg,image,1774639,split_leg_thru_window_reverse,Joanne's Flashcards,lyra,35327f2b-9205-440f-8e38-f6da18f4dd54,2025-05-02T18:15:17.755Z,0
1f029e9a-7ee3-6158-bd63-56fc94836045,uplift/hip_hang_top_bar.jpg,image,1930780,hip_hang_top_bar,Joanne's Flashcards,lyra,35327f2b-9205-440f-8e38-f6da18f4dd54,2025-05-02T18:15:17.755Z,0
1f029e9a-7ee3-61ab-9c44-dd40250946c4,uplift/leg_block_faint.jpg,image,50334,leg_block_faint,Joanne's Flashcards,lyra,35327f2b-9205-440f-8e38-f6da18f4dd54,2025-05-02T18:15:17.755Z,0
1f029e9a-7ee3-61f9-8daa-ff07e5e3b436,uplift/pencil_bottom_bar_straddle_split.jpg,image,2376002,pencil_bottom_bar_straddle_split,Joanne's Flashcards,lyra,35327f2b-9205-440f-8e38-f6da18f4dd54,2025-05-02T18:15:17.755Z,0
1f029e9a-7ee3-6248-b4d6-248b24376ab3,uplift/side_bar_thigh_hold.jpg,image,2086973,side_bar_thigh_hold,Joanne's Flashcards,lyra,35327f2b-9205-440f-8e38-f6da18f4dd54,2025-05-02T18:15:17.755Z,0
1f029e9a-7ee3-6295-89c7-390c07c3c75f,uplift/inverted_star_stag_legs.jpg,image,1440843,inverted_star_stag_legs,Joanne's Flashcards,lyra,35327f2b-9205-440f-8e38-f6da18f4dd54,2025-05-02T18:15:17.755Z,0
1f029e9a-7ee3-631b-9b6a-621d082c147c,uplift/inside_lion_slide.jpg,image,1939164,inside_lion_slide,Joanne's Flashcards,lyra,35327f2b-9205-440f-8e38-f6da18f4dd54,2025-05-02T18:15:17.755Z,0
1f029e9a-7ee3-636d-b786-46afde54e1bd,uplift/flag.jpg,image,1445764,flag,Joanne's Flashcards,lyra,35327f2b-9205-440f-8e38-f6da18f4dd54,2025-05-02T18:15:17.755Z,0
1f029e9a-7ee3-63c0-9f72-da24b18f09c1,uplift/half_back_balance.jpg,image,1836625,half_back_balance,Joanne's Flashcards,lyra,35327f2b-9205-440f-8e38-f6da18f4dd54,2025-05-02T18:15:17.755Z,0
1f029e9a-7ee3-640d-b552-03c1dc096879,uplift/straddle_back_drop.jpg,image,2572533,straddle_back_drop,Joanne's Flashcards,lyra,35327f2b-9205-440f-8e38-f6da18f4dd54,2025-05-02T18:15:17.755Z,0
1f029e9a-7ee3-645a-bb9c-15dec1ba7cce,uplift/gazelle_french_stag_legs.jpg,image,1445009,gazelle_french_stag_legs,Joanne's Flashcards,lyra,35327f2b-9205-440f-8e38-f6da18f4dd54,2025-05-02T18:15:17.755Z,0
1f029e9a-7ee3-64a9-9ebc-61f8cb7da8c2,uplift/shoulder_stand_arrow.jpg,image,3424758,shoulder_stand_arrow,Joanne's Flashcards,lyra,35327f2b-9205-440f-8e38-f6da18f4dd54,2025-05-02T18:15:17.755Z,0
1f029e9a-7ee3-64f6-a336-4602782f6daa,uplift/amazon_top_hand_off.jpg,image,2772908,amazon_top_hand_off,Joanne's Flashcards,lyra,35327f2b-9205-440f-8e38-f6da18f4dd54,2025-05-02T18:15:17.755Z,0
1f029e9a-7ee3-6555-8d6d-b6abaff6160d,uplift/half_beauty_roll_-_from_inside_lion.jpg,image,288765,half_beauty_roll_-_from_inside_lion,Joanne's Flashcards,lyra,35327f2b-9205-440f-8e38-f6da18f4dd54,2025-05-02T18:15:17.755Z,0
1f029e9a-7ee3-65a1-8738-5777e845bf12,uplift/hip_hang_scorpion.jpg,image,2571427,hip_hang_scorpion,Joanne's Flashcards,lyra,35327f2b-9205-440f-8e38-f6da18f4dd54,2025-05-02T18:15:17.755Z,0
1f029e9a-7ee3-65f0-acb3-5b1b99140a6e,uplift/pretzel_hang_low_bar_one_hand.jpg,image,2041536,pretzel_hang_low_bar_one_hand,Joanne's Flashcards,lyra,35327f2b-9205-440f-8e38-f6da18f4dd54,2025-05-02T18:15:17.755Z,0
1f029e9a-7ee3-664f-908d-63ff55e84a5d,uplift/cannon_ball.jpg,image,75900,cannon_ball,Joanne's Flashcards,lyra,35327f2b-9205-440f-8e38-f6da18f4dd54,2025-05-02T18:15:17.755Z,0
1f029e9a-7ee3-669d-b083-1bc773467b2b,uplift/pencil_top_bar_stag_legs.jpg,image,1961140,pencil_top_bar_stag_legs,Joanne's Flashcards,lyra,35327f2b-9205-440f-8e38-f6da18f4dd54,2025-05-02T18:15:17.755Z,0
1f029e9a-7ee3-66eb-9679-1175b3926961,uplift/figure_four_foot_block_under_bar.jpg,image,1933747,figure_four_foot_block_under_bar,Joanne's Flashcards,lyra,35327f2b-9205-440f-8e38-f6da18f4dd54,2025-05-02T18:15:17.755Z,0
1f029e9a-7ee3-6739-9ede-1be136f8688d,uplift/knee_hang_double_top_bar_-_no_hands.jpg,image,1259588,knee_hang_double_top_bar_-_no_hands,Joanne's Flashcards,lyra,35327f2b-9205-440f-8e38-f6da18f4dd54,2025-05-02T18:15:17.755Z,0
1f029e9a-7ee3-6785-8e11-948a9420f7f6,uplift/pencil_top_bar_side_star.jpg,image,1967066,pencil_top_bar_side_star,Joanne's Flashcards,lyra,35327f2b-9205-440f-8e38-f6da18f4dd54,2025-05-02T18:15:17.755Z,0
1f029e9a-7ee3-67d0-b924-feb33bac0c54,uplift/hh_foot_block_-_both_legs.jpg,image,1453048,hh_foot_block_-_both_legs,Joanne's Flashcards,lyra,35327f2b-9205-440f-8e38-f6da18f4dd54,2025-05-02T18:15:17.755Z,0
1f029e9a-7ee3-681c-bea6-6ca8c499c6fa,uplift/pretzel_hang_low_bar_hands_on.jpg,image,1901320,pretzel_hang_low_bar_hands_on,Joanne's Flashcards,lyra,35327f2b-9205-440f-8e38-f6da18f4dd54,2025-05-02T18:15:17.755Z,0
1f029e9a-7ee3-6867-aaca-9db42f4d3085,uplift/outside_lion_top_bar.jpg,image,2356676,outside_lion_top_bar,Joanne's Flashcards,lyra,35327f2b-9205-440f-8e38-f6da18f4dd54,2025-05-02T18:15:17.755Z,0
1f029e9a-7ee3-68bd-a340-4aafe5a38e49,uplift/pencil_top_bar_pike.jpg,image,1789524,pencil_top_bar_pike,Joanne's Flashcards,lyra,35327f2b-9205-440f-8e38-f6da18f4dd54,2025-05-02T18:15:17.755Z,0
1f029e9a-7ee3-690c-91e3-f4f459fcb3fe,uplift/scorpion_-_knee_hang_outside_top_bar.jpg,image,2943681,scorpion_-_knee_hang_outside_top_bar,Joanne's Flashcards,lyra,35327f2b-9205-440f-8e38-f6da18f4dd54,2025-05-02T18:15:17.755Z,0
1f029e9a-7ee3-6958-869c-94069261af26,uplift/stag_drop.jpg,image,1459347,stag_drop,Joanne's Flashcards,lyra,35327f2b-9205-440f-8e38-f6da18f4dd54,2025-05-02T18:15:17.755Z,0
1f029e9a-7ee3-69a3-bcad-cb6603cc1d25,uplift/chest_stand_arrow.jpg,image,2139339,chest_stand_arrow,Joanne's Flashcards,lyra,35327f2b-9205-440f-8e38-f6da18f4dd54,2025-05-02T18:15:17.755Z,0
1f029e9a-7ee3-69ef-aa4b-6d93150ffd5c,uplift/pencil_top_bar_scorpion.jpg,image,1267178,pencil_top_bar_scorpion,Joanne's Flashcards,lyra,35327f2b-9205-440f-8e38-f6da18f4dd54,2025-05-02T18:15:17.755Z,0
1f029e9a-7ee3-6a3a-9362-fff4780b3c57,uplift/man_in_moon_invert.jpg,image,2354679,man_in_moon_invert,Joanne's Flashcards,lyra,35327f2b-9205-440f-8e38-f6da18f4dd54,2025-05-02T18:15:17.755Z,0
1f029e9a-7ee3-6a88-affc-8028f95737e6,uplift/candlestick_reverse_from_stag.jpg,image,2255543,candlestick_reverse_from_stag,Joanne's Flashcards,lyra,35327f2b-9205-440f-8e38-f6da18f4dd54,2025-05-02T18:15:17.755Z,0
1f029e9a-7ee3-6ad5-9874-5ec082532753,uplift/outside_lion_slide.jpg,image,1960714,outside_lion_slide,Joanne's Flashcards,lyra,35327f2b-9205-440f-8e38-f6da18f4dd54,2025-05-02T18:15:17.755Z,0
1f029e9a-7ee3-6b2b-a111-705c5885efc3,uplift/straddle_back_bottom_bar.jpg,image,1892745,straddle_back_bottom_bar,Joanne's Flashcards,lyra,35327f2b-9205-440f-8e38-f6da18f4dd54,2025-05-02T18:15:17.755Z,0
1f029e9a-7ee3-6b77-93b4-f46e3fba56d0,uplift/delilah_foot_press_away.jpg,image,74042,delilah_foot_press_away,Joanne's Flashcards,lyra,35327f2b-9205-440f-8e38-f6da18f4dd54,2025-05-02T18:15:17.755Z,0
1f029e9a-7ee3-6bc3-89ee-f41eee88d422,uplift/inverted_hoop_flip_bent_legs.jpg,image,1848507,inverted_hoop_flip_bent_legs,Joanne's Flashcards,lyra,35327f2b-9205-440f-8e38-f6da18f4dd54,2025-05-02T18:15:17.755Z,0
1f029e9a-7ee3-6c17-90ee-28ab4915f49d,uplift/pencil_top_bar_front_split.jpg,image,1963635,pencil_top_bar_front_split,Joanne's Flashcards,lyra,35327f2b-9205-440f-8e38-f6da18f4dd54,2025-05-02T18:15:17.755Z,0
1f029e9a-7ee3-6c64-ac97-5a7055a1b2bd,uplift/skin_the_cat_bottom_bar.jpg,image,1256679,skin_the_cat_bottom_bar,Joanne's Flashcards,lyra,35327f2b-9205-440f-8e38-f6da18f4dd54,2025-05-02T18:15:17.755Z,0
1f029e9a-7ee3-6cb5-a317-ab5ce6988b0e,uplift/flamenco_grip_inside_mermaid_knee_hook.jpg,image,167404,flamenco_grip_inside_mermaid_knee_hook,Joanne's Flashcards,lyra,35327f2b-9205-440f-8e38-f6da18f4dd54,2025-05-02T18:15:17.755Z,0
1f029e9a-7ee3-6d00-90ff-bfd6dd0c8a21,uplift/sacrum_balance_invert_top_bar.jpg,image,2816085,sacrum_balance_invert_top_bar,Joanne's Flashcards,lyra,35327f2b-9205-440f-8e38-f6da18f4dd54,2025-05-02T18:15:17.755Z,0
1f029e9a-7ee3-6d4c-8c10-b98b5b5294ba,uplift/faux_butt_shelf.jpg,image,2566062,faux_butt_shelf,Joanne's Flashcards,lyra,35327f2b-9205-440f-8e38-f6da18f4dd54,2025-05-02T18:15:17.755Z,0
1f029e9a-7ee3-6d98-82ae-f1a57b897c3a,uplift/gazelle_allegra_straight_leg.jpg,image,2315723,gazelle_allegra_straight_leg,Joanne's Flashcards,lyra,35327f2b-9205-440f-8e38-f6da18f4dd54,2025-05-02T18:15:17.755Z,0
1f029e9a-7ee3-6de2-ad67-65049c4d48e3,uplift/pencil_top_bar_tick_tocks.jpg,image,2387605,pencil_top_bar_tick_tocks,Joanne's Flashcards,lyra,35327f2b-9205-440f-8e38-f6da18f4dd54,2025-05-02T18:15:17.755Z,0
1f029e9a-7ee3-6e2f-acb1-8a1cdc7504af,uplift/gazelle_french.jpg,image,1071312,gazelle_french,Joanne's Flashcards,lyra,35327f2b-9205-440f-8e38-f6da18f4dd54,2025-05-02T18:15:17.755Z,0
1f029e9a-7ee3-6e7a-b4aa-f7c8e536d158,uplift/pencil_top_bar_straddle_split.jpg,image,2131621,pencil_top_bar_straddle_split,Joanne's Flashcards,lyra,35327f2b-9205-440f-8e38-f6da18f4dd54,2025-05-02T18:15:17.755Z,0
1f029e9a-7ee3-6ec6-bc46-864df51ff699,uplift/delilah_hand_press_away.jpg,image,2106842,delilah_hand_press_away,Joanne's Flashcards,lyra,35327f2b-9205-440f-8e38-f6da18f4dd54,2025-05-02T18:15:17.755Z,0
1f029e9a-7ee3-6f18-bd44-6fe4029735e6,uplift/bird’s_nest_bottom_bar_one_leg.jpg,image,325477,bird’s_nest_bottom_bar_one_leg,Joanne's Flashcards,lyra,35327f2b-9205-440f-8e38-f6da18f4dd54,2025-05-02T18:15:17.755Z,0
1f029e9a-7ee3-6f66-9ac3-79899cc2196f,uplift/pencil_bottom_bar_pike.jpg,image,2382801,pencil_bottom_bar_pike,Joanne's Flashcards,lyra,35327f2b-9205-440f-8e38-f6da18f4dd54,2025-05-02T18:15:17.755Z,0
1f029e9a-7ee3-6fb3-a17f-08ea1616c29f,uplift/pike_drop.jpg,image,3534781,pike_drop,Joanne's Flashcards,lyra,35327f2b-9205-440f-8e38-f6da18f4dd54,2025-05-02T18:15:17.755Z,0
1f029e9a-7ee3-6fff-a698-e236a4999263,uplift/split_leg_thru_window.jpg,image,1902831,split_leg_thru_window,Joanne's Flashcards,lyra,35327f2b-9205-440f-8e38-f6da18f4dd54,2025-05-02T18:15:17.755Z,0
1f029e9a-7ee4-6075-8318-1c40e707288d,uplift/pencil_bottom_bar_scorpion.jpg,image,1786168,pencil_bottom_bar_scorpion,Joanne's Flashcards,lyra,35327f2b-9205-440f-8e38-f6da18f4dd54,2025-05-02T18:15:17.755Z,0
1f029e9a-7ee4-60c5-9aa0-f6f947964265,uplift/gazelle_allegra_bent_leg.jpg,image,3145271,gazelle_allegra_bent_leg,Joanne's Flashcards,lyra,35327f2b-9205-440f-8e38-f6da18f4dd54,2025-05-02T18:15:17.755Z,0
1f029e9a-7ee4-6112-89b4-d47e9ce48c77,uplift/martini.jpg,image,2520814,martini,Joanne's Flashcards,lyra,35327f2b-9205-440f-8e38-f6da18f4dd54,2025-05-02T18:15:17.755Z,0
1f029e9a-7ee4-615e-99c2-9219e6fb415c,uplift/jamilla.jpg,image,3069624,jamilla,Joanne's Flashcards,lyra,35327f2b-9205-440f-8e38-f6da18f4dd54,2025-05-02T18:15:17.755Z,0
1f029e9a-7ee4-61a9-88ea-4945ab53e0b9,uplift/threaded_leg_elbow_hook.jpg,image,2926416,threaded_leg_elbow_hook,Joanne's Flashcards,lyra,35327f2b-9205-440f-8e38-f6da18f4dd54,2025-05-02T18:15:17.755Z,0
1f029e9a-7ee4-61f5-9231-218b754da468,uplift/martini_top_bar.jpg,image,2031571,martini_top_bar,Joanne's Flashcards,lyra,35327f2b-9205-440f-8e38-f6da18f4dd54,2025-05-02T18:15:17.755Z,0
1f029e9a-7ee4-624c-bcaa-baabe3fe0d69,uplift/arm_pit_block_top_bar.jpg,image,2596803,arm_pit_block_top_bar,Joanne's Flashcards,lyra,35327f2b-9205-440f-8e38-f6da18f4dd54,2025-05-02T18:15:17.755Z,0
1f029e9a-7ee4-6299-94c1-308a3e726960,uplift/cuddle_top_bar.jpg,image,445703,cuddle_top_bar,Joanne's Flashcards,lyra,35327f2b-9205-440f-8e38-f6da18f4dd54,2025-05-02T18:15:17.755Z,0
1f029e9a-7ee4-62e5-be20-32ecc1fb7cad,uplift/twisted_pike.jpg,image,6582918,twisted_pike,Joanne's Flashcards,lyra,35327f2b-9205-440f-8e38-f6da18f4dd54,2025-05-02T18:15:17.755Z,0
1f029e9a-7ee4-632f-99a9-f5bc310f661f,uplift/chest_stand_pencil.jpg,image,2110650,chest_stand_pencil,Joanne's Flashcards,lyra,35327f2b-9205-440f-8e38-f6da18f4dd54,2025-05-02T18:15:17.755Z,0
1f029e9a-7ee4-6379-a313-babc4504de67,uplift/side_star_top_bar.jpg,image,2616854,side_star_top_bar,Joanne's Flashcards,lyra,35327f2b-9205-440f-8e38-f6da18f4dd54,2025-05-02T18:15:17.755Z,0
1f029e9a-7ee4-63c7-be17-05848c603659,uplift/man_in_the_moon_press_away.jpg,image,1400542,man_in_the_moon_press_away,Joanne's Flashcards,lyra,35327f2b-9205-440f-8e38-f6da18f4dd54,2025-05-02T18:15:17.755Z,0
1f029e9a-7ee4-6412-a1b5-2c98fbfd6886,uplift/back_balance_-_hands_on.jpg,image,1952342,back_balance_-_hands_on,Joanne's Flashcards,lyra,35327f2b-9205-440f-8e38-f6da18f4dd54,2025-05-02T18:15:17.755Z,0
1f029e9a-7ee4-645f-9878-7169fe44e553,uplift/butt_shelf_-_legs_straight_above_no_hands.jpg,image,2225786,butt_shelf_-_legs_straight_above_no_hands,Joanne's Flashcards,lyra,35327f2b-9205-440f-8e38-f6da18f4dd54,2025-05-02T18:15:17.755Z,0
1f029e9a-7ee4-64a9-a3c4-357b24d53706,uplift/shoulder_stand_delilah.jpg,image,2636528,shoulder_stand_delilah,Joanne's Flashcards,lyra,35327f2b-9205-440f-8e38-f6da18f4dd54,2025-05-02T18:15:17.755Z,0
1f029e9a-7ee4-64f5-8ffc-a2c60ca354b5,uplift/delilah_sideways_top_bar.jpg,image,1944380,delilah_sideways_top_bar,Joanne's Flashcards,lyra,35327f2b-9205-440f-8e38-f6da18f4dd54,2025-05-02T18:15:17.755Z,0
1f029e9a-7ee4-6540-8642-7c00d7736b5e,uplift/twisted_v.jpg,image,2182495,twisted_v,Joanne's Flashcards,lyra,35327f2b-9205-440f-8e38-f6da18f4dd54,2025-05-02T18:15:17.755Z,0
1f029e9a-7ee4-6589-b311-963b9290d622,uplift/gazelle_no_hands.jpg,image,1714755,gazelle_no_hands,Joanne's Flashcards,lyra,35327f2b-9205-440f-8e38-f6da18f4dd54,2025-05-02T18:15:17.755Z,0
1f029e9a-7ee4-65d4-bc7c-6abcadbd5029,uplift/pencil_bottom_bar_stag_legs.jpg,image,2522465,pencil_bottom_bar_stag_legs,Joanne's Flashcards,lyra,35327f2b-9205-440f-8e38-f6da18f4dd54,2025-05-02T18:15:17.755Z,0
1f029e9a-7ee4-6621-b1cf-9da83923edc8,uplift/gazelle_twist_split_full.jpg,image,1987712,gazelle_twist_split_full,Joanne's Flashcards,lyra,35327f2b-9205-440f-8e38-f6da18f4dd54,2025-05-02T18:15:17.755Z,0
1f029e9a-7ee4-666a-a745-4c1001973c33,uplift/half_popsicle_roll.jpg,image,2437922,half_popsicle_roll,Joanne's Flashcards,lyra,35327f2b-9205-440f-8e38-f6da18f4dd54,2025-05-02T18:15:17.755Z,0
1f029e9a-7ee4-66b4-8f11-189e23a34092,uplift/crossed_leg_sit_top_bar.jpg,image,3027607,crossed_leg_sit_top_bar,Joanne's Flashcards,lyra,35327f2b-9205-440f-8e38-f6da18f4dd54,2025-05-02T18:15:17.755Z,0
1f029e9a-7ee4-6707-a63a-924149da29dd,uplift/inside_lion_top_bar.jpg,image,1987796,inside_lion_top_bar,Joanne's Flashcards,lyra,35327f2b-9205-440f-8e38-f6da18f4dd54,2025-05-02T18:15:17.755Z,0
1f029e9a-7ee4-6764-97f4-8af02fbd3d9b,uplift/bird’s_nest_top_bar_single_leg.jpg,image,2885933,bird’s_nest_top_bar_single_leg,Joanne's Flashcards,lyra,35327f2b-9205-440f-8e38-f6da18f4dd54,2025-05-02T18:15:17.755Z,0
1f029e9a-7ee4-67b8-8bda-d2820a30dc2b,uplift/stag_from_wine_glass.jpg,image,83550,stag_from_wine_glass,Joanne's Flashcards,lyra,35327f2b-9205-440f-8e38-f6da18f4dd54,2025-05-02T18:15:17.755Z,0
1f029e9a-7ee4-67f8-af3f-d68334125877,uplift/pencil_bottom_bar.jpg,image,2207037,pencil_bottom_bar,Joanne's Flashcards,lyra,35327f2b-9205-440f-8e38-f6da18f4dd54,2025-05-02T18:15:17.755Z,0
1f029e9a-7ee4-6845-9541-84770aad4976,uplift/hip_hang_inverted_flamingo.jpg,image,2043398,hip_hang_inverted_flamingo,Joanne's Flashcards,lyra,35327f2b-9205-440f-8e38-f6da18f4dd54,2025-05-02T18:15:17.755Z,0
1f029e9a-7ee4-6888-b67b-2e3560efcae6,uplift/shoulder_stand_double_knee_hang.jpg,image,1493398,shoulder_stand_double_knee_hang,Joanne's Flashcards,lyra,35327f2b-9205-440f-8e38-f6da18f4dd54,2025-05-02T18:15:17.755Z,0
1f029e9a-7ee4-68cc-a372-91de639ef713,uplift/butt_shelf_-_one_leg_straight_other_bent_behind.jpg,image,2945307,butt_shelf_-_one_leg_straight_other_bent_behind,Joanne's Flashcards,lyra,35327f2b-9205-440f-8e38-f6da18f4dd54,2025-05-02T18:15:17.755Z,0
1f029e9a-7ee4-690f-b2e2-a77cc73074cd,uplift/profile_plank_elbow_hook.jpg,image,1354786,profile_plank_elbow_hook,Joanne's Flashcards,lyra,35327f2b-9205-440f-8e38-f6da18f4dd54,2025-05-02T18:15:17.755Z,0
1f029e9a-7ee4-6955-b46e-96dde081e8b3,uplift/gazelle_front_split.jpg,image,2757992,gazelle_front_split,Joanne's Flashcards,lyra,35327f2b-9205-440f-8e38-f6da18f4dd54,2025-05-02T18:15:17.755Z,0
1f029e9a-7ee4-6999-a5aa-3c39c465506f,uplift/hock_hang.jpg,image,12498,hock_hang,Joanne's Flashcards,lyra,35327f2b-9205-440f-8e38-f6da18f4dd54,2025-05-02T18:15:17.755Z,0
1f029e9a-7ee4-69da-b821-84cae79ce900,uplift/pencil_top_bar.jpg,image,2889189,pencil_top_bar,Joanne's Flashcards,lyra,35327f2b-9205-440f-8e38-f6da18f4dd54,2025-05-02T18:15:17.755Z,0
1f029e9a-7ee4-6a1b-b790-67cda1297e3b,uplift/elbow_hook_single_inside_knee_hook_single.jpg,image,2333876,elbow_hook_single_inside_knee_hook_single,Joanne's Flashcards,lyra,35327f2b-9205-440f-8e38-f6da18f4dd54,2025-05-02T18:15:17.755Z,0
1f029e9a-7ee4-6b2f-b6a8-2cf50f404010,uplift/elbow_hook_double_bottom_bar.jpg,image,3132814,elbow_hook_double_bottom_bar,Joanne's Flashcards,lyra,35327f2b-9205-440f-8e38-f6da18f4dd54,2025-05-02T18:15:17.755Z,0
1f029e9a-7ee4-6b7b-ae1e-8793692a8194,uplift/back_balance_-_no_hands.jpg,image,2224501,back_balance_-_no_hands,Joanne's Flashcards,lyra,35327f2b-9205-440f-8e38-f6da18f4dd54,2025-05-02T18:15:17.755Z,0
1f029e9a-7ee4-6bc1-8093-22fb191b9cbb,uplift/single_knee_hook_-_no_hands.jpg,image,113622,single_knee_hook_-_no_hands,Joanne's Flashcards,lyra,35327f2b-9205-440f-8e38-f6da18f4dd54,2025-05-02T18:15:17.755Z,0
1f029e9a-7ee4-6c08-a7bf-a553c132b0fe,uplift/straddle_back_inside_outside_top_bar.jpg,image,2266780,straddle_back_inside_outside_top_bar,Joanne's Flashcards,lyra,35327f2b-9205-440f-8e38-f6da18f4dd54,2025-05-02T18:15:17.755Z,0
1f029e9a-7ee4-6c4b-a303-22a167c67be0,uplift/elbow_hook_double_top_bar.jpg,image,1465253,elbow_hook_double_top_bar,Joanne's Flashcards,lyra,35327f2b-9205-440f-8e38-f6da18f4dd54,2025-05-02T18:15:17.755Z,0
1f029e9a-7ee4-6c8f-9d55-2784e7c85081,uplift/single_arm_hang.jpg,image,2671510,single_arm_hang,Joanne's Flashcards,lyra,35327f2b-9205-440f-8e38-f6da18f4dd54,2025-05-02T18:15:17.755Z,0
1f029e9a-7ee4-6cd2-9809-ddcba5ad0cc0,uplift/seated_forward_roll_-_legs_straight.jpg,image,1117712,seated_forward_roll_-_legs_straight,Joanne's Flashcards,lyra,35327f2b-9205-440f-8e38-f6da18f4dd54,2025-05-02T18:15:17.755Z,0
1f029e9a-7ee4-6d15-87ac-de8475431d53,uplift/seated_forward_roll_-_legs_bent.jpg,image,3069819,seated_forward_roll_-_legs_bent,Joanne's Flashcards,lyra,35327f2b-9205-440f-8e38-f6da18f4dd54,2025-05-02T18:15:17.755Z,0
1f029e9a-7ee4-6d59-a0f6-568ff0657cce,uplift/half_back_balance_-_no_hands.jpg,image,142923,half_back_balance_-_no_hands,Joanne's Flashcards,lyra,35327f2b-9205-440f-8e38-f6da18f4dd54,2025-05-02T18:15:17.755Z,0
1f029e9a-7ee4-6d9a-b05b-85b10b19364f,uplift/skin_the_cat_top_bar.jpg,image,263889,skin_the_cat_top_bar,Joanne's Flashcards,lyra,35327f2b-9205-440f-8e38-f6da18f4dd54,2025-05-02T18:15:17.755Z,0
1f029e9a-7ee4-6dde-acaa-852f12dfe769,uplift/single_knee_hook_front_press_away.jpg,image,3199227,single_knee_hook_front_press_away,Joanne's Flashcards,lyra,35327f2b-9205-440f-8e38-f6da18f4dd54,2025-05-02T18:15:17.755Z,0
1f029e9a-7ee4-6e2d-af68-5706a735f830,uplift/russian_roll.jpg,image,1569476,russian_roll,Joanne's Flashcards,lyra,35327f2b-9205-440f-8e38-f6da18f4dd54,2025-05-02T18:15:17.755Z,0
1f029e9a-7ee4-6e6f-b526-6f325f573e1a,uplift/pretzel_hang_low_bar_no_hands.jpg,image,2066039,pretzel_hang_low_bar_no_hands,Joanne's Flashcards,lyra,35327f2b-9205-440f-8e38-f6da18f4dd54,2025-05-02T18:15:17.755Z,0
1f029e9a-7ee4-6eb2-8b72-d3d393fa307e,uplift/cuddle_roll.jpg,image,2549859,cuddle_roll,Joanne's Flashcards,lyra,35327f2b-9205-440f-8e38-f6da18f4dd54,2025-05-02T18:15:17.755Z,0
1f029e9a-7ee4-6ef7-973a-5091efd6ef10,uplift/ankle_hang_top_bar_-_no_hands.jpg,image,2248250,ankle_hang_top_bar_-_no_hands,Joanne's Flashcards,lyra,35327f2b-9205-440f-8e38-f6da18f4dd54,2025-05-02T18:15:17.755Z,0
1f029e9a-7ee4-6f37-980f-7d1539f60cff,uplift/single_knee_hook_back_press_away.jpg,image,2445283,single_knee_hook_back_press_away,Joanne's Flashcards,lyra,35327f2b-9205-440f-8e38-f6da18f4dd54,2025-05-02T18:15:17.755Z,0
1f029e9a-7ee4-6f7a-be83-48e5e621c9f4,uplift/hock_hang_top_bar.jpg,image,1939974,hock_hang_top_bar,Joanne's Flashcards,lyra,35327f2b-9205-440f-8e38-f6da18f4dd54,2025-05-02T18:15:17.755Z,0
1f029e9a-7ee4-6fbd-89e2-4f2d1d5f5477,uplift/straddle_back_top_bar.jpg,image,2736737,straddle_back_top_bar,Joanne's Flashcards,lyra,35327f2b-9205-440f-8e38-f6da18f4dd54,2025-05-02T18:15:17.755Z,0
