id,name,apparatus,level,primary_media_id,description,teaching_cues,safety_cues,progressions,created_by,updated_by,created_at,updated_at,is_synced
1f029ef4-7754-6b36-9716-46920d760982,Amazon - Hands On,lyra,1,1f029e9a-7ee2-666a-a817-a05f576d809e,Joanne's Flashcards,,,,35327f2b-9205-440f-8e38-f6da18f4dd54,35327f2b-9205-440f-8e38-f6da18f4dd54,2025-05-02T18:15:17.755Z,2025-05-02T18:15:17.755Z,0
1f029ef4-7753-6840-ac01-ef7be3eed2d5,Amazon Split,lyra,1,1f029e9a-7ee1-693c-8c67-01b11ce1a1e6,Joanne's Flashcards,,,,35327f2b-9205-440f-8e38-f6da18f4dd54,35327f2b-9205-440f-8e38-f6da18f4dd54,2025-05-02T18:15:17.755Z,2025-05-02T18:15:17.755Z,0
1f029ef4-7756-648c-9153-b704f3fb940a,Amazon Top Hand Off,lyra,2,1f029e9a-7ee3-64f6-a336-4602782f6daa,Joanne's Flashcards,,,,35327f2b-9205-440f-8e38-f6da18f4dd54,35327f2b-9205-440f-8e38-f6da18f4dd54,2025-05-02T18:15:17.755Z,2025-05-02T18:15:17.755Z,0
1f029ef4-7754-643f-bb7c-b67e0e117a5d,Ankle Cuddle,lyra,1,1f029e9a-7ee2-6134-af02-7f44d377c06c,Joanne's Flashcards,,,,35327f2b-9205-440f-8e38-f6da18f4dd54,35327f2b-9205-440f-8e38-f6da18f4dd54,2025-05-02T18:15:17.755Z,2025-05-02T18:15:17.755Z,0
1f029ef4-7755-6b63-8125-869a9c89463b,Ankle Hang Top Bar - Holding On,lyra,2,1f029e9a-7ee2-6bdc-a400-04dfb33b2fb7,Joanne's Flashcards,,,,35327f2b-9205-440f-8e38-f6da18f4dd54,35327f2b-9205-440f-8e38-f6da18f4dd54,2025-05-02T18:15:17.755Z,2025-05-02T18:15:17.755Z,0
1f029ef4-7758-63eb-a2fc-8027268018ad,Ankle Hang Top Bar - No Hands,lyra,3,1f029e9a-7ee4-6ef7-973a-5091efd6ef10,Joanne's Flashcards,,,,35327f2b-9205-440f-8e38-f6da18f4dd54,35327f2b-9205-440f-8e38-f6da18f4dd54,2025-05-02T18:15:17.755Z,2025-05-02T18:15:17.755Z,0
1f029ef4-7753-6f40-a80a-8b392b0e7b2a,Arabesque From Seated,lyra,1,1f029e9a-7ee1-6d23-975e-dfe4d43793e4,Joanne's Flashcards,,,,35327f2b-9205-440f-8e38-f6da18f4dd54,35327f2b-9205-440f-8e38-f6da18f4dd54,2025-05-02T18:15:17.755Z,2025-05-02T18:15:17.755Z,0
1f029ef4-7757-621f-beed-cb2e1dd0b951,Arm Pit Block Top Bar,lyra,2,1f029e9a-7ee4-624c-bcaa-baabe3fe0d69,Joanne's Flashcards,,,,35327f2b-9205-440f-8e38-f6da18f4dd54,35327f2b-9205-440f-8e38-f6da18f4dd54,2025-05-02T18:15:17.755Z,2025-05-02T18:15:17.755Z,0
1f029ef4-7754-606f-9b4e-72deeeffa7a8,Around the World,lyra,1,1f029e9a-7ee1-6e0b-b9ce-e280fa827620,Joanne's Flashcards,,,,35327f2b-9205-440f-8e38-f6da18f4dd54,35327f2b-9205-440f-8e38-f6da18f4dd54,2025-05-02T18:15:17.755Z,2025-05-02T18:15:17.755Z,0
1f029ef4-7757-63fe-93b6-560a7fca4897,Back Balance - Hands On,lyra,2,1f029e9a-7ee4-6412-a1b5-2c98fbfd6886,Joanne's Flashcards,,,,35327f2b-9205-440f-8e38-f6da18f4dd54,35327f2b-9205-440f-8e38-f6da18f4dd54,2025-05-02T18:15:17.755Z,2025-05-02T18:15:17.755Z,0
1f029ef4-7757-6f8e-85da-2cb19eb94f29,Back Balance - No Hands,lyra,3,1f029e9a-7ee4-6b7b-ae1e-8793692a8194,Joanne's Flashcards,,,,35327f2b-9205-440f-8e38-f6da18f4dd54,35327f2b-9205-440f-8e38-f6da18f4dd54,2025-05-02T18:15:17.755Z,2025-05-02T18:15:17.755Z,0
1f029ef4-7754-68de-88d0-f81bcb43c951,Bird’s Nest Bottom Bar,lyra,1,1f029e9a-7ee2-6486-8686-148f24dbceb1,Joanne's Flashcards,,,,35327f2b-9205-440f-8e38-f6da18f4dd54,35327f2b-9205-440f-8e38-f6da18f4dd54,2025-05-02T18:15:17.755Z,2025-05-02T18:15:17.755Z,0
1f029ef4-7756-6ef6-925e-0a8bbca25d78,Bird’s Nest Bottom Bar One Leg,lyra,2,1f029e9a-7ee3-6f18-bd44-6fe4029735e6,Joanne's Flashcards,,,,35327f2b-9205-440f-8e38-f6da18f4dd54,35327f2b-9205-440f-8e38-f6da18f4dd54,2025-05-02T18:15:17.755Z,2025-05-02T18:15:17.755Z,0
1f029ef4-7755-6a34-8ab3-dfcad950b548,Bird’s Nest Top Bar,lyra,2,1f029e9a-7ee2-6af6-983f-c4279cc71f83,Joanne's Flashcards,,,,35327f2b-9205-440f-8e38-f6da18f4dd54,35327f2b-9205-440f-8e38-f6da18f4dd54,2025-05-02T18:15:17.755Z,2025-05-02T18:15:17.755Z,0
1f029ef4-7757-6765-b473-b1c33b62fae4,Bird’s Nest Top Bar Single Leg,lyra,2,1f029e9a-7ee4-6764-97f4-8af02fbd3d9b,Joanne's Flashcards,,,,35327f2b-9205-440f-8e38-f6da18f4dd54,35327f2b-9205-440f-8e38-f6da18f4dd54,2025-05-02T18:15:17.755Z,2025-05-02T18:15:17.755Z,0
1f029ef4-7752-6e98-9743-c8fa2a6ae125,Bottom Bar Flip Out,lyra,1,1f029e9a-7ee1-625f-958a-6aff6d54398b,Joanne's Flashcards,,,,35327f2b-9205-440f-8e38-f6da18f4dd54,35327f2b-9205-440f-8e38-f6da18f4dd54,2025-05-02T18:15:17.755Z,2025-05-02T18:15:17.755Z,0
1f029ef4-7757-644e-8329-0395143d34b0,Butt Shelf - Legs Straight Above No Hands,lyra,2,1f029e9a-7ee4-645f-9878-7169fe44e553,Joanne's Flashcards,,,,35327f2b-9205-440f-8e38-f6da18f4dd54,35327f2b-9205-440f-8e38-f6da18f4dd54,2025-05-02T18:15:17.755Z,2025-05-02T18:15:17.755Z,0
1f029ef4-7755-6c1b-9019-2eaec5e9250c,Butt Shelf - No Hands,lyra,2,1f029e9a-7ee2-6c71-8a1d-e83a3da50fcd,Joanne's Flashcards,,,,35327f2b-9205-440f-8e38-f6da18f4dd54,35327f2b-9205-440f-8e38-f6da18f4dd54,2025-05-02T18:15:17.755Z,2025-05-02T18:15:17.755Z,0
1f029ef4-7757-6904-89b9-96d933f7ba72,Butt Shelf - One Leg Straight Other Bent Behind,lyra,2,1f029e9a-7ee4-68cc-a372-91de639ef713,Joanne's Flashcards,,,,35327f2b-9205-440f-8e38-f6da18f4dd54,35327f2b-9205-440f-8e38-f6da18f4dd54,2025-05-02T18:15:17.755Z,2025-05-02T18:15:17.755Z,0
1f029ef4-7752-6a45-b76a-2817fa251ef1,Butt Shelf Hands On,lyra,1,1f029e9a-7ee0-6fc2-a616-e41777179a9f,Joanne's Flashcards,,,,35327f2b-9205-440f-8e38-f6da18f4dd54,35327f2b-9205-440f-8e38-f6da18f4dd54,2025-05-02T18:15:17.755Z,2025-05-02T18:15:17.755Z,0
1f029ef4-7753-6906-b5bd-a0e95e7d447a,Butt Shelf Straight Legs,lyra,1,1f029e9a-7ee1-6989-8ab3-df6682562cc8,Joanne's Flashcards,,,,35327f2b-9205-440f-8e38-f6da18f4dd54,35327f2b-9205-440f-8e38-f6da18f4dd54,2025-05-02T18:15:17.755Z,2025-05-02T18:15:17.755Z,0
1f029ef4-7753-616d-9604-34bed5e8362e,Candlestick,lyra,1,1f029e9a-7ee1-644c-ba4d-2aa2210df4cc,Joanne's Flashcards,,,,35327f2b-9205-440f-8e38-f6da18f4dd54,35327f2b-9205-440f-8e38-f6da18f4dd54,2025-05-02T18:15:17.755Z,2025-05-02T18:15:17.755Z,0
1f029ef4-7756-6a38-98c7-975f8e33183d,Candlestick Reverse from Stag,lyra,2,1f029e9a-7ee3-6a88-affc-8028f95737e6,Joanne's Flashcards,,,,35327f2b-9205-440f-8e38-f6da18f4dd54,35327f2b-9205-440f-8e38-f6da18f4dd54,2025-05-02T18:15:17.755Z,2025-05-02T18:15:17.755Z,0
1f029ef4-7756-65d4-8ba0-0e95832b461c,Cannon Ball,lyra,2,1f029e9a-7ee3-664f-908d-63ff55e84a5d,Joanne's Flashcards,,,,35327f2b-9205-440f-8e38-f6da18f4dd54,35327f2b-9205-440f-8e38-f6da18f4dd54,2025-05-02T18:15:17.755Z,2025-05-02T18:15:17.755Z,0
1f029ef4-7756-6948-a608-80cfcba0c4e3,Chest Stand Arrow,lyra,2,1f029e9a-7ee3-69a3-bcad-cb6603cc1d25,Joanne's Flashcards,,,,35327f2b-9205-440f-8e38-f6da18f4dd54,35327f2b-9205-440f-8e38-f6da18f4dd54,2025-05-02T18:15:17.755Z,2025-05-02T18:15:17.755Z,0
1f029ef4-7755-6df0-9fd8-4de851d179ad,Chest Stand Delilah,lyra,2,1f029e9a-7ee2-6dff-a216-fe3cda338320,Joanne's Flashcards,,,,35327f2b-9205-440f-8e38-f6da18f4dd54,35327f2b-9205-440f-8e38-f6da18f4dd54,2025-05-02T18:15:17.755Z,2025-05-02T18:15:17.755Z,0
1f029ef4-7757-6314-b5ff-e15bae3be278,Chest Stand Pencil,lyra,2,1f029e9a-7ee4-632f-99a9-f5bc310f661f,Joanne's Flashcards,,,,35327f2b-9205-440f-8e38-f6da18f4dd54,35327f2b-9205-440f-8e38-f6da18f4dd54,2025-05-02T18:15:17.755Z,2025-05-02T18:15:17.755Z,0
1f029ef4-7755-6af6-8e44-c549cf8ae876,Chest Stand Pike,lyra,2,1f029e9a-7ee2-6b91-8238-20269dcca1d0,Joanne's Flashcards,,,,35327f2b-9205-440f-8e38-f6da18f4dd54,35327f2b-9205-440f-8e38-f6da18f4dd54,2025-05-02T18:15:17.755Z,2025-05-02T18:15:17.755Z,0
1f029ef4-7755-6ea2-9205-2d01ecd140a2,Circus Mermaid,lyra,2,1f029e9a-7ee2-6ed7-8863-f5da52a27c40,Joanne's Flashcards,,,,35327f2b-9205-440f-8e38-f6da18f4dd54,35327f2b-9205-440f-8e38-f6da18f4dd54,2025-05-02T18:15:17.755Z,2025-05-02T18:15:17.755Z,0
1f029ef4-7751-67b4-9e08-d55c4c3d2711,Clock,lyra,0,1f029e9a-7ee0-6937-8e88-362dd04fe6a2,Joanne's Flashcards,,,,35327f2b-9205-440f-8e38-f6da18f4dd54,35327f2b-9205-440f-8e38-f6da18f4dd54,2025-05-02T18:15:17.755Z,2025-05-02T18:15:17.755Z,0
1f029ef4-7757-66c0-ad01-475584d832c9,Crossed Leg Sit Top Bar,lyra,2,1f029e9a-7ee4-66b4-8f11-189e23a34092,Joanne's Flashcards,,,,35327f2b-9205-440f-8e38-f6da18f4dd54,35327f2b-9205-440f-8e38-f6da18f4dd54,2025-05-02T18:15:17.755Z,2025-05-02T18:15:17.755Z,0
1f029ef4-7751-6929-8810-a0a223c1124c,Cuddle,lyra,0,1f029e9a-7ee0-6a39-914f-5b578cf1cb23,Joanne's Flashcards,,,,35327f2b-9205-440f-8e38-f6da18f4dd54,35327f2b-9205-440f-8e38-f6da18f4dd54,2025-05-02T18:15:17.755Z,2025-05-02T18:15:17.755Z,0
1f029ef4-7758-6399-a5ee-20517860d112,Cuddle Roll,lyra,3,1f029e9a-7ee4-6eb2-8b72-d3d393fa307e,Joanne's Flashcards,,,,35327f2b-9205-440f-8e38-f6da18f4dd54,35327f2b-9205-440f-8e38-f6da18f4dd54,2025-05-02T18:15:17.755Z,2025-05-02T18:15:17.755Z,0
1f029ef4-7755-6e49-9eb0-e37aa94f0a10,Cuddle Slide,lyra,2,1f029e9a-7ee2-6e89-a302-49f48ae3ae6a,Joanne's Flashcards,,,,35327f2b-9205-440f-8e38-f6da18f4dd54,35327f2b-9205-440f-8e38-f6da18f4dd54,2025-05-02T18:15:17.755Z,2025-05-02T18:15:17.755Z,0
1f029ef4-7757-6277-ad34-5d04d491c686,Cuddle Top Bar,lyra,2,1f029e9a-7ee4-6299-94c1-308a3e726960,Joanne's Flashcards,,,,35327f2b-9205-440f-8e38-f6da18f4dd54,35327f2b-9205-440f-8e38-f6da18f4dd54,2025-05-02T18:15:17.755Z,2025-05-02T18:15:17.755Z,0
1f029ef4-7753-6308-afc5-f636168b2f7a,Delilah,lyra,1,1f029e9a-7ee1-6587-8963-56ab48594fc9,Joanne's Flashcards,,,,35327f2b-9205-440f-8e38-f6da18f4dd54,35327f2b-9205-440f-8e38-f6da18f4dd54,2025-05-02T18:15:17.755Z,2025-05-02T18:15:17.755Z,0
1f029ef4-7756-6b22-961d-84b62c970fd0,Delilah Foot Press Away,lyra,2,1f029e9a-7ee3-6b77-93b4-f46e3fba56d0,Joanne's Flashcards,,,,35327f2b-9205-440f-8e38-f6da18f4dd54,35327f2b-9205-440f-8e38-f6da18f4dd54,2025-05-02T18:15:17.755Z,2025-05-02T18:15:17.755Z,0
1f029ef4-7756-6ea0-b014-85ae61d81913,Delilah Hand Press Away,lyra,2,1f029e9a-7ee3-6ec6-bc46-864df51ff699,Joanne's Flashcards,,,,35327f2b-9205-440f-8e38-f6da18f4dd54,35327f2b-9205-440f-8e38-f6da18f4dd54,2025-05-02T18:15:17.755Z,2025-05-02T18:15:17.755Z,0
1f029ef4-7757-64e6-98af-c9b068ea7958,Delilah Sideways Top Bar,lyra,2,1f029e9a-7ee4-64f5-8ffc-a2c60ca354b5,Joanne's Flashcards,,,,35327f2b-9205-440f-8e38-f6da18f4dd54,35327f2b-9205-440f-8e38-f6da18f4dd54,2025-05-02T18:15:17.755Z,2025-05-02T18:15:17.755Z,0
1f029ef4-7755-6d94-9a74-50089e53f076,Diving Bird,lyra,2,1f029e9a-7ee2-6da7-9183-5f8caeece461,Joanne's Flashcards,,,,35327f2b-9205-440f-8e38-f6da18f4dd54,35327f2b-9205-440f-8e38-f6da18f4dd54,2025-05-02T18:15:17.755Z,2025-05-02T18:15:17.755Z,0
1f029ef4-7751-6263-8b4a-17959b8a6bca,Double Knee Hook Trash Can,lyra,0,1f029e9a-7ee0-6657-a9fa-65c8266aeb42,Joanne's Flashcards,,,,35327f2b-9205-440f-8e38-f6da18f4dd54,35327f2b-9205-440f-8e38-f6da18f4dd54,2025-05-02T18:15:17.755Z,2025-05-02T18:15:17.755Z,0
1f029ef4-7753-6726-a4c2-2a4c1600cc2c,Dragonfly,lyra,1,1f029e9a-7ee1-6896-ad12-d12bac3f76ce,Joanne's Flashcards,,,,35327f2b-9205-440f-8e38-f6da18f4dd54,35327f2b-9205-440f-8e38-f6da18f4dd54,2025-05-02T18:15:17.755Z,2025-05-02T18:15:17.755Z,0
1f029ef4-7757-6f22-86ca-25ab446366e5,Elbow Hook Double Bottom Bar,lyra,3,1f029e9a-7ee4-6b2f-b6a8-2cf50f404010,Joanne's Flashcards,,,,35327f2b-9205-440f-8e38-f6da18f4dd54,35327f2b-9205-440f-8e38-f6da18f4dd54,2025-05-02T18:15:17.755Z,2025-05-02T18:15:17.755Z,0
1f029ef4-7758-6097-b406-351e8f59720c,Elbow Hook Double Top Bar,lyra,3,1f029e9a-7ee4-6c4b-a303-22a167c67be0,Joanne's Flashcards,,,,35327f2b-9205-440f-8e38-f6da18f4dd54,35327f2b-9205-440f-8e38-f6da18f4dd54,2025-05-02T18:15:17.755Z,2025-05-02T18:15:17.755Z,0
1f029ef4-7757-6a89-be6e-3c0b87fbde13,Elbow Hook Single Inside Knee Hook Single,lyra,2,1f029e9a-7ee4-6a1b-b790-67cda1297e3b,Joanne's Flashcards,,,,35327f2b-9205-440f-8e38-f6da18f4dd54,35327f2b-9205-440f-8e38-f6da18f4dd54,2025-05-02T18:15:17.755Z,2025-05-02T18:15:17.755Z,0
1f029ef4-7755-6fc8-8c4f-1598f6cf5490,Fallen Angel,lyra,2,1f029e9a-7ee2-6fd8-9810-e95e9bbfda95,Joanne's Flashcards,,,,35327f2b-9205-440f-8e38-f6da18f4dd54,35327f2b-9205-440f-8e38-f6da18f4dd54,2025-05-02T18:15:17.755Z,2025-05-02T18:15:17.755Z,0
1f029ef4-7756-6d06-be56-ca9c3dd1240c,Faux Butt Shelf,lyra,2,1f029e9a-7ee3-6d4c-8c10-b98b5b5294ba,Joanne's Flashcards,,,,35327f2b-9205-440f-8e38-f6da18f4dd54,35327f2b-9205-440f-8e38-f6da18f4dd54,2025-05-02T18:15:17.755Z,2025-05-02T18:15:17.755Z,0
1f029ef4-7756-6673-8c3f-da1328649a4e,Figure Four Foot Block Under Bar,lyra,2,1f029e9a-7ee3-66eb-9679-1175b3926961,Joanne's Flashcards,,,,35327f2b-9205-440f-8e38-f6da18f4dd54,35327f2b-9205-440f-8e38-f6da18f4dd54,2025-05-02T18:15:17.755Z,2025-05-02T18:15:17.755Z,0
1f029ef4-7753-636b-9952-364cddffcc92,Figure Head,lyra,1,1f029e9a-7ee1-65d0-9935-c7d0e93538fc,Joanne's Flashcards,,,,35327f2b-9205-440f-8e38-f6da18f4dd54,35327f2b-9205-440f-8e38-f6da18f4dd54,2025-05-02T18:15:17.755Z,2025-05-02T18:15:17.755Z,0
1f029ef4-7754-6385-9858-6eecca7095bf,Fish,lyra,1,1f029e9a-7ee2-607f-856d-dc51d70e6f86,Joanne's Flashcards,,,,35327f2b-9205-440f-8e38-f6da18f4dd54,35327f2b-9205-440f-8e38-f6da18f4dd54,2025-05-02T18:15:17.755Z,2025-05-02T18:15:17.755Z,0
1f029ef4-7752-6d05-a93e-e4ee221aaa43,Fish Injured,lyra,1,1f029e9a-7ee1-6125-a1ae-4491ac25a731,Joanne's Flashcards,,,,35327f2b-9205-440f-8e38-f6da18f4dd54,35327f2b-9205-440f-8e38-f6da18f4dd54,2025-05-02T18:15:17.755Z,2025-05-02T18:15:17.755Z,0
1f029ef4-7756-62e9-a418-43b3d79b583b,Flag,lyra,2,1f029e9a-7ee3-636d-b786-46afde54e1bd,Joanne's Flashcards,,,,35327f2b-9205-440f-8e38-f6da18f4dd54,35327f2b-9205-440f-8e38-f6da18f4dd54,2025-05-02T18:15:17.755Z,2025-05-02T18:15:17.755Z,0
1f029ef4-7756-6c6a-99c4-128b323820cc,Flamenco Grip Inside Mermaid Knee Hook,lyra,2,1f029e9a-7ee3-6cb5-a317-ab5ce6988b0e,Joanne's Flashcards,,,,35327f2b-9205-440f-8e38-f6da18f4dd54,35327f2b-9205-440f-8e38-f6da18f4dd54,2025-05-02T18:15:17.755Z,2025-05-02T18:15:17.755Z,0
1f029ef4-7751-6a1e-8173-369385effeae,Flamingo,lyra,0,1f029e9a-7ee0-6ad7-857b-9ba516138d22,Joanne's Flashcards,,,,35327f2b-9205-440f-8e38-f6da18f4dd54,35327f2b-9205-440f-8e38-f6da18f4dd54,2025-05-02T18:15:17.755Z,2025-05-02T18:15:17.755Z,0
1f029ef4-7755-69cd-88d0-1bdfeda5f2ce,Flying Saucer,lyra,2,1f029e9a-7ee2-6aa2-a268-fe0260b58979,Joanne's Flashcards,,,,35327f2b-9205-440f-8e38-f6da18f4dd54,35327f2b-9205-440f-8e38-f6da18f4dd54,2025-05-02T18:15:17.755Z,2025-05-02T18:15:17.755Z,0
1f029ef4-7752-6e3a-b302-c2300931ebbd,Gazelle - Hands On,lyra,1,1f029e9a-7ee1-6212-9dd4-34a7f98bb3aa,Joanne's Flashcards,,,,35327f2b-9205-440f-8e38-f6da18f4dd54,35327f2b-9205-440f-8e38-f6da18f4dd54,2025-05-02T18:15:17.755Z,2025-05-02T18:15:17.755Z,0
1f029ef4-7753-64a4-bdf1-8cfdf7794c3b,Gazelle - Hands on Knee,lyra,1,1f029e9a-7ee1-66c6-b677-9220b8ad7b9c,Joanne's Flashcards,,,,35327f2b-9205-440f-8e38-f6da18f4dd54,35327f2b-9205-440f-8e38-f6da18f4dd54,2025-05-02T18:15:17.755Z,2025-05-02T18:15:17.755Z,0
1f029ef4-7754-64f2-9ae7-8fa464465d0d,Gazelle - One Hand Knee,lyra,1,1f029e9a-7ee2-61c8-b73f-620e6273ac9f,Joanne's Flashcards,,,,35327f2b-9205-440f-8e38-f6da18f4dd54,35327f2b-9205-440f-8e38-f6da18f4dd54,2025-05-02T18:15:17.755Z,2025-05-02T18:15:17.755Z,0
1f029ef4-7757-6099-bac7-2d420e496f75,Gazelle Allegra Bent Leg,lyra,2,1f029e9a-7ee4-60c5-9aa0-f6f947964265,Joanne's Flashcards,,,,35327f2b-9205-440f-8e38-f6da18f4dd54,35327f2b-9205-440f-8e38-f6da18f4dd54,2025-05-02T18:15:17.755Z,2025-05-02T18:15:17.755Z,0
1f029ef4-7756-6d55-bfde-114e79eb57cb,Gazelle Allegra Straight Leg,lyra,2,1f029e9a-7ee3-6d98-82ae-f1a57b897c3a,Joanne's Flashcards,,,,35327f2b-9205-440f-8e38-f6da18f4dd54,35327f2b-9205-440f-8e38-f6da18f4dd54,2025-05-02T18:15:17.755Z,2025-05-02T18:15:17.755Z,0
1f029ef4-7756-6df5-b9ad-6d1047b20f2c,Gazelle French,lyra,2,1f029e9a-7ee3-6e2f-acb1-8a1cdc7504af,Joanne's Flashcards,,,,35327f2b-9205-440f-8e38-f6da18f4dd54,35327f2b-9205-440f-8e38-f6da18f4dd54,2025-05-02T18:15:17.755Z,2025-05-02T18:15:17.755Z,0
1f029ef4-7756-63ed-9b08-af0b8a396a78,Gazelle French Stag Legs,lyra,2,1f029e9a-7ee3-645a-bb9c-15dec1ba7cce,Joanne's Flashcards,,,,35327f2b-9205-440f-8e38-f6da18f4dd54,35327f2b-9205-440f-8e38-f6da18f4dd54,2025-05-02T18:15:17.755Z,2025-05-02T18:15:17.755Z,0
1f029ef4-7757-69a0-92d5-42c7c71da95d,Gazelle Front Split,lyra,2,1f029e9a-7ee4-6955-b46e-96dde081e8b3,Joanne's Flashcards,,,,35327f2b-9205-440f-8e38-f6da18f4dd54,35327f2b-9205-440f-8e38-f6da18f4dd54,2025-05-02T18:15:17.755Z,2025-05-02T18:15:17.755Z,0
1f029ef4-7757-658b-81b4-cff23b8fae98,Gazelle No Hands,lyra,2,1f029e9a-7ee4-6589-b311-963b9290d622,Joanne's Flashcards,,,,35327f2b-9205-440f-8e38-f6da18f4dd54,35327f2b-9205-440f-8e38-f6da18f4dd54,2025-05-02T18:15:17.755Z,2025-05-02T18:15:17.755Z,0
1f029ef4-7755-6bc0-972c-e577626fe36f,Gazelle Twist Half Split,lyra,2,1f029e9a-7ee2-6c29-8474-16d91dd55eb0,Joanne's Flashcards,,,,35327f2b-9205-440f-8e38-f6da18f4dd54,35327f2b-9205-440f-8e38-f6da18f4dd54,2025-05-02T18:15:17.755Z,2025-05-02T18:15:17.755Z,0
1f029ef4-7757-6627-aaf7-304011c622c7,Gazelle Twist Split Full,lyra,2,1f029e9a-7ee4-6621-b1cf-9da83923edc8,Joanne's Flashcards,,,,35327f2b-9205-440f-8e38-f6da18f4dd54,35327f2b-9205-440f-8e38-f6da18f4dd54,2025-05-02T18:15:17.755Z,2025-05-02T18:15:17.755Z,0
1f029ef4-7753-6c16-bf7e-0090bec79e59,Genie Dismount,lyra,1,1f029e9a-7ee1-6b5b-b17f-6b6e0b8950b7,Joanne's Flashcards,,,,35327f2b-9205-440f-8e38-f6da18f4dd54,35327f2b-9205-440f-8e38-f6da18f4dd54,2025-05-02T18:15:17.755Z,2025-05-02T18:15:17.755Z,0
1f029ef4-7754-632a-a8a3-b6f95b622b13,Half Angel Roll,lyra,1,1f029e9a-7ee2-6031-a0a1-0861ae8ac942,Joanne's Flashcards,,,,35327f2b-9205-440f-8e38-f6da18f4dd54,35327f2b-9205-440f-8e38-f6da18f4dd54,2025-05-02T18:15:17.755Z,2025-05-02T18:15:17.755Z,0
1f029ef4-7754-613c-9500-2f32373dbf05,Half Angel Roll Low,lyra,1,1f029e9a-7ee1-6eaa-9822-33d4e97be695,Joanne's Flashcards,,,,35327f2b-9205-440f-8e38-f6da18f4dd54,35327f2b-9205-440f-8e38-f6da18f4dd54,2025-05-02T18:15:17.755Z,2025-05-02T18:15:17.755Z,0
1f029ef4-7756-633e-a66d-b6cf5ca9796c,Half Back Balance,lyra,2,1f029e9a-7ee3-63c0-9f72-da24b18f09c1,Joanne's Flashcards,,,,35327f2b-9205-440f-8e38-f6da18f4dd54,35327f2b-9205-440f-8e38-f6da18f4dd54,2025-05-02T18:15:17.755Z,2025-05-02T18:15:17.755Z,0
1f029ef4-7758-61df-8779-b6c3cb43dcc8,Half Back Balance - No Hands,lyra,3,1f029e9a-7ee4-6d59-a0f6-568ff0657cce,Joanne's Flashcards,,,,35327f2b-9205-440f-8e38-f6da18f4dd54,35327f2b-9205-440f-8e38-f6da18f4dd54,2025-05-02T18:15:17.755Z,2025-05-02T18:15:17.755Z,0
1f029ef4-7755-6cd8-b515-163fe00c8bd3,Half Beauty Roll - from High Outside Mermaid,lyra,2,1f029e9a-7ee2-6d0d-90dd-1f94de3fd134,Joanne's Flashcards,,,,35327f2b-9205-440f-8e38-f6da18f4dd54,35327f2b-9205-440f-8e38-f6da18f4dd54,2025-05-02T18:15:17.755Z,2025-05-02T18:15:17.755Z,0
1f029ef4-7756-64df-ae18-7486bfb56cb5,Half Beauty Roll - from Inside Lion,lyra,2,1f029e9a-7ee3-6555-8d6d-b6abaff6160d,Joanne's Flashcards,,,,35327f2b-9205-440f-8e38-f6da18f4dd54,35327f2b-9205-440f-8e38-f6da18f4dd54,2025-05-02T18:15:17.755Z,2025-05-02T18:15:17.755Z,0
1f029ef4-7755-68a7-a599-82f8f91c63f8,Half Crescent Moon,lyra,2,1f029e9a-7ee2-69ab-abb8-ce779c01dabd,Joanne's Flashcards,,,,35327f2b-9205-440f-8e38-f6da18f4dd54,35327f2b-9205-440f-8e38-f6da18f4dd54,2025-05-02T18:15:17.755Z,2025-05-02T18:15:17.755Z,0
1f029ef4-7753-66c1-8953-11881f5e11e7,Half Mill Roll,lyra,1,1f029e9a-7ee1-684a-948c-30fc65a3a543,Joanne's Flashcards,,,,35327f2b-9205-440f-8e38-f6da18f4dd54,35327f2b-9205-440f-8e38-f6da18f4dd54,2025-05-02T18:15:17.755Z,2025-05-02T18:15:17.755Z,0
1f029ef4-7757-6673-8410-ac7bd8814a39,Half Popsicle Roll,lyra,2,1f029e9a-7ee4-666a-a745-4c1001973c33,Joanne's Flashcards,,,,35327f2b-9205-440f-8e38-f6da18f4dd54,35327f2b-9205-440f-8e38-f6da18f4dd54,2025-05-02T18:15:17.755Z,2025-05-02T18:15:17.755Z,0
1f029ef4-7756-6762-873f-77a26018e4fb,HH Foot Block - Both Legs,lyra,2,1f029e9a-7ee3-67d0-b924-feb33bac0c54,Joanne's Flashcards,,,,35327f2b-9205-440f-8e38-f6da18f4dd54,35327f2b-9205-440f-8e38-f6da18f4dd54,2025-05-02T18:15:17.755Z,2025-05-02T18:15:17.755Z,0
1f029ef4-7751-6ae2-946b-bb7955587ae0,High Layout - 1 Hand,lyra,0,1f029e9a-7ee0-6b73-b478-869c60658fee,Joanne's Flashcards,,,,35327f2b-9205-440f-8e38-f6da18f4dd54,35327f2b-9205-440f-8e38-f6da18f4dd54,2025-05-02T18:15:17.755Z,2025-05-02T18:15:17.755Z,0
1f029ef4-7751-6837-a914-36440e923108,High Layout - 2 Hands,lyra,0,1f029e9a-7ee0-6991-bb68-a406679d3ab7,Joanne's Flashcards,,,,35327f2b-9205-440f-8e38-f6da18f4dd54,35327f2b-9205-440f-8e38-f6da18f4dd54,2025-05-02T18:15:17.755Z,2025-05-02T18:15:17.755Z,0
1f029ef4-7754-6010-b0ca-0aae6de0a21d,High Outside Mermaid,lyra,1,1f029e9a-7ee1-6dbd-8297-fba809d1f5bd,Joanne's Flashcards,,,,35327f2b-9205-440f-8e38-f6da18f4dd54,35327f2b-9205-440f-8e38-f6da18f4dd54,2025-05-02T18:15:17.755Z,2025-05-02T18:15:17.755Z,0
1f029ef4-7751-6c60-9f66-42db81c39226,Hip Hang,lyra,0,1f029e9a-7ee0-6cb9-a4cf-910ee35411fb,Joanne's Flashcards,,,,35327f2b-9205-440f-8e38-f6da18f4dd54,35327f2b-9205-440f-8e38-f6da18f4dd54,2025-05-02T18:15:17.755Z,2025-05-02T18:15:17.755Z,0
1f029ef4-7753-69c3-b732-6820d7a69037,Hip Hang Flip In,lyra,1,1f029e9a-7ee1-69d5-a908-bd962846e00a,Joanne's Flashcards,,,,35327f2b-9205-440f-8e38-f6da18f4dd54,35327f2b-9205-440f-8e38-f6da18f4dd54,2025-05-02T18:15:17.755Z,2025-05-02T18:15:17.755Z,0
1f029ef4-7752-6ddb-8e22-ba5d82a20e17,Hip Hang Flip Out,lyra,1,1f029e9a-7ee1-61c3-a87b-cac813b92a77,Joanne's Flashcards,,,,35327f2b-9205-440f-8e38-f6da18f4dd54,35327f2b-9205-440f-8e38-f6da18f4dd54,2025-05-02T18:15:17.755Z,2025-05-02T18:15:17.755Z,0
1f029ef4-7753-63c5-87ff-80fbc881d94b,Hip Hang Foot Block,lyra,1,1f029e9a-7ee1-661b-8061-9e6c7c8ea6a8,Joanne's Flashcards,,,,35327f2b-9205-440f-8e38-f6da18f4dd54,35327f2b-9205-440f-8e38-f6da18f4dd54,2025-05-02T18:15:17.755Z,2025-05-02T18:15:17.755Z,0
1f029ef4-7757-6855-a5cb-eb13b6f5ce41,Hip Hang Inverted Flamingo,lyra,2,1f029e9a-7ee4-6845-9541-84770aad4976,Joanne's Flashcards,,,,35327f2b-9205-440f-8e38-f6da18f4dd54,35327f2b-9205-440f-8e38-f6da18f4dd54,2025-05-02T18:15:17.755Z,2025-05-02T18:15:17.755Z,0
1f029ef4-7756-652d-8e3b-c4efb8c18df0,Hip Hang Scorpion,lyra,2,1f029e9a-7ee3-65a1-8738-5777e845bf12,Joanne's Flashcards,,,,35327f2b-9205-440f-8e38-f6da18f4dd54,35327f2b-9205-440f-8e38-f6da18f4dd54,2025-05-02T18:15:17.755Z,2025-05-02T18:15:17.755Z,0
1f029ef4-7756-60de-bcb3-b807de7b023d,Hip Hang Top Bar,lyra,2,1f029e9a-7ee3-6158-bd63-56fc94836045,Joanne's Flashcards,,,,35327f2b-9205-440f-8e38-f6da18f4dd54,35327f2b-9205-440f-8e38-f6da18f4dd54,2025-05-02T18:15:17.755Z,2025-05-02T18:15:17.755Z,0
1f029ef4-7753-6edf-9549-7ff0c866736c,Hip Hang Zipper,lyra,1,1f029e9a-7ee1-6cd6-b6fb-8a3b078f9ac9,Joanne's Flashcards,,,,35327f2b-9205-440f-8e38-f6da18f4dd54,35327f2b-9205-440f-8e38-f6da18f4dd54,2025-05-02T18:15:17.755Z,2025-05-02T18:15:17.755Z,0
1f029ef4-7757-69ec-80cb-c26b452f7c54,Hock Hang,lyra,2,1f029e9a-7ee4-6999-a5aa-3c39c465506f,Joanne's Flashcards,,,,35327f2b-9205-440f-8e38-f6da18f4dd54,35327f2b-9205-440f-8e38-f6da18f4dd54,2025-05-02T18:15:17.755Z,2025-05-02T18:15:17.755Z,0
1f029ef4-7758-648a-b77f-9ec60bc8574d,Hock Hang Top Bar,lyra,3,1f029e9a-7ee4-6f7a-be83-48e5e621c9f4,Joanne's Flashcards,,,,35327f2b-9205-440f-8e38-f6da18f4dd54,35327f2b-9205-440f-8e38-f6da18f4dd54,2025-05-02T18:15:17.755Z,2025-05-02T18:15:17.755Z,0
1f029ef4-7751-6cce-b1bb-439542ed9f9c,Horse,lyra,0,1f029e9a-7ee0-6d03-baa7-bcbb81cc9763,Joanne's Flashcards,,,,35327f2b-9205-440f-8e38-f6da18f4dd54,35327f2b-9205-440f-8e38-f6da18f4dd54,2025-05-02T18:15:17.755Z,2025-05-02T18:15:17.755Z,0
1f029ef4-7751-65a7-8b5a-34fe481052a8,Inside Lion,lyra,0,1f029e9a-7ee0-678b-b864-5b8452996cd6,Joanne's Flashcards,,,,35327f2b-9205-440f-8e38-f6da18f4dd54,35327f2b-9205-440f-8e38-f6da18f4dd54,2025-05-02T18:15:17.755Z,2025-05-02T18:15:17.755Z,0
1f029ef4-7753-6a4a-8334-9679459b67c4,Inside Lion Arabesque,lyra,1,1f029e9a-7ee1-6a2b-8d0b-bf36040c8c0f,Joanne's Flashcards,,,,35327f2b-9205-440f-8e38-f6da18f4dd54,35327f2b-9205-440f-8e38-f6da18f4dd54,2025-05-02T18:15:17.755Z,2025-05-02T18:15:17.755Z,0
1f029ef4-7756-629a-9b5c-d55c921ad4f1,Inside Lion Slide,lyra,2,1f029e9a-7ee3-631b-9b6a-621d082c147c,Joanne's Flashcards,,,,35327f2b-9205-440f-8e38-f6da18f4dd54,35327f2b-9205-440f-8e38-f6da18f4dd54,2025-05-02T18:15:17.755Z,2025-05-02T18:15:17.755Z,0
1f029ef4-7757-670f-8dfa-4cf7adf3e872,Inside Lion Top Bar,lyra,2,1f029e9a-7ee4-6707-a63a-924149da29dd,Joanne's Flashcards,,,,35327f2b-9205-440f-8e38-f6da18f4dd54,35327f2b-9205-440f-8e38-f6da18f4dd54,2025-05-02T18:15:17.755Z,2025-05-02T18:15:17.755Z,0
1f029ef4-7756-6b6f-9d9e-bfbb3ec0e2f8,Inverted Hoop Flip Bent Legs,lyra,2,1f029e9a-7ee3-6bc3-89ee-f41eee88d422,Joanne's Flashcards,,,,35327f2b-9205-440f-8e38-f6da18f4dd54,35327f2b-9205-440f-8e38-f6da18f4dd54,2025-05-02T18:15:17.755Z,2025-05-02T18:15:17.755Z,0
1f029ef4-7755-681a-92f9-ef1ab2a3349f,Inverted Running Man Top Bar,lyra,2,1f029e9a-7ee2-6952-8e43-86aeb1dd0bc8,Joanne's Flashcards,,,,35327f2b-9205-440f-8e38-f6da18f4dd54,35327f2b-9205-440f-8e38-f6da18f4dd54,2025-05-02T18:15:17.755Z,2025-05-02T18:15:17.755Z,0
1f029ef4-7756-6022-85e0-296da69c27f2,Inverted Star Hoop Flip,lyra,2,1f029e9a-7ee3-6027-98bc-d644af10b618,Joanne's Flashcards,,,,35327f2b-9205-440f-8e38-f6da18f4dd54,35327f2b-9205-440f-8e38-f6da18f4dd54,2025-05-02T18:15:17.755Z,2025-05-02T18:15:17.755Z,0
1f029ef4-7756-6242-88e9-633266e25910,Inverted Star Stag Legs,lyra,2,1f029e9a-7ee3-6295-89c7-390c07c3c75f,Joanne's Flashcards,,,,35327f2b-9205-440f-8e38-f6da18f4dd54,35327f2b-9205-440f-8e38-f6da18f4dd54,2025-05-02T18:15:17.755Z,2025-05-02T18:15:17.755Z,0
1f029ef4-7755-6970-bb72-0e57a84c3adc,Inverted Star Top Bar,lyra,2,1f029e9a-7ee2-6a57-a7d9-45b38e005e54,Joanne's Flashcards,,,,35327f2b-9205-440f-8e38-f6da18f4dd54,35327f2b-9205-440f-8e38-f6da18f4dd54,2025-05-02T18:15:17.755Z,2025-05-02T18:15:17.755Z,0
1f029ef4-7757-6134-8448-62b640433e7d,Jamilla,lyra,2,1f029e9a-7ee4-615e-99c2-9219e6fb415c,Joanne's Flashcards,,,,35327f2b-9205-440f-8e38-f6da18f4dd54,35327f2b-9205-440f-8e38-f6da18f4dd54,2025-05-02T18:15:17.755Z,2025-05-02T18:15:17.755Z,0
1f029ef4-7753-6014-8172-339de5a5d767,Knee Hang Bottom Bar Pike,lyra,1,1f029e9a-7ee1-6354-b218-2acd47a322dd,Joanne's Flashcards,,,,35327f2b-9205-440f-8e38-f6da18f4dd54,35327f2b-9205-440f-8e38-f6da18f4dd54,2025-05-02T18:15:17.755Z,2025-05-02T18:15:17.755Z,0
1f029ef4-7753-6789-93ca-840cdb47ab09,Knee Hang Bottom Bar Single - One Hand,lyra,1,1f029e9a-7ee1-68e6-ae4b-80a25599233f,Joanne's Flashcards,,,,35327f2b-9205-440f-8e38-f6da18f4dd54,35327f2b-9205-440f-8e38-f6da18f4dd54,2025-05-02T18:15:17.755Z,2025-05-02T18:15:17.755Z,0
1f029ef4-7754-625e-8dac-00415a219f29,Knee Hang Double Bottom Bar,lyra,1,1f029e9a-7ee1-6f92-ae4c-1a6af515e4c5,Joanne's Flashcards,,,,35327f2b-9205-440f-8e38-f6da18f4dd54,35327f2b-9205-440f-8e38-f6da18f4dd54,2025-05-02T18:15:17.755Z,2025-05-02T18:15:17.755Z,0
1f029ef4-7756-66c3-9247-cdc472d0ba93,Knee Hang Double Top Bar - No Hands,lyra,2,1f029e9a-7ee3-6739-9ede-1be136f8688d,Joanne's Flashcards,,,,35327f2b-9205-440f-8e38-f6da18f4dd54,35327f2b-9205-440f-8e38-f6da18f4dd54,2025-05-02T18:15:17.755Z,2025-05-02T18:15:17.755Z,0
1f029ef4-7754-69b8-9903-bd21aaeb6ed5,Knee Hang Top Bar Back Press Away,lyra,1,1f029e9a-7ee2-6527-a7ce-3e1706abe397,Joanne's Flashcards,,,,35327f2b-9205-440f-8e38-f6da18f4dd54,35327f2b-9205-440f-8e38-f6da18f4dd54,2025-05-02T18:15:17.755Z,2025-05-02T18:15:17.755Z,0
1f029ef4-7753-6650-8f1f-82c66d685db7,Knee Hang Top Bar Forward Press Away,lyra,1,1f029e9a-7ee1-67fd-b0b1-fdd5af2bf574,Joanne's Flashcards,,,,35327f2b-9205-440f-8e38-f6da18f4dd54,35327f2b-9205-440f-8e38-f6da18f4dd54,2025-05-02T18:15:17.755Z,2025-05-02T18:15:17.755Z,0
1f029ef4-7753-643e-b439-b342b41ac806,Knee Hang Top Bar Hands High,lyra,1,1f029e9a-7ee1-6677-8c5f-e7ba34734d86,Joanne's Flashcards,,,,35327f2b-9205-440f-8e38-f6da18f4dd54,35327f2b-9205-440f-8e38-f6da18f4dd54,2025-05-02T18:15:17.755Z,2025-05-02T18:15:17.755Z,0
1f029ef4-7754-6685-9ab6-c08f87b3ee13,Knee Hang Top Bar Hands Low,lyra,1,1f029e9a-7ee2-62f4-9608-582f404a5618,Joanne's Flashcards,,,,35327f2b-9205-440f-8e38-f6da18f4dd54,35327f2b-9205-440f-8e38-f6da18f4dd54,2025-05-02T18:15:17.755Z,2025-05-02T18:15:17.755Z,0
1f029ef4-7751-671c-9b35-8546752e4ecf,Knee Hook Layout Under Bar,lyra,0,1f029e9a-7ee0-6888-a5e5-d2aa9bb2d31a,Joanne's Flashcards,,,,35327f2b-9205-440f-8e38-f6da18f4dd54,35327f2b-9205-440f-8e38-f6da18f4dd54,2025-05-02T18:15:17.755Z,2025-05-02T18:15:17.755Z,0
1f029ef4-7753-60fe-8c9c-df0dc5b55639,L Pop,lyra,1,1f029e9a-7ee1-63fd-b536-edafb2aaa09d,Joanne's Flashcards,,,,35327f2b-9205-440f-8e38-f6da18f4dd54,35327f2b-9205-440f-8e38-f6da18f4dd54,2025-05-02T18:15:17.755Z,2025-05-02T18:15:17.755Z,0
1f029ef4-7751-6c04-b091-879130ae684f,L Sit,lyra,0,1f029e9a-7ee0-6c6b-92e9-b8902ec59f98,Joanne's Flashcards,,,,35327f2b-9205-440f-8e38-f6da18f4dd54,35327f2b-9205-440f-8e38-f6da18f4dd54,2025-05-02T18:15:17.755Z,2025-05-02T18:15:17.755Z,0
1f029ef4-7751-6683-bed5-f08103f1168b,Lady in the Moon,lyra,0,1f029e9a-7ee0-681c-8ba5-76c1cc2e1fb2,Joanne's Flashcards,,,,35327f2b-9205-440f-8e38-f6da18f4dd54,35327f2b-9205-440f-8e38-f6da18f4dd54,2025-05-02T18:15:17.755Z,2025-05-02T18:15:17.755Z,0
1f029ef4-7756-6147-a958-e57dfae422f0,Leg Block Faint,lyra,2,1f029e9a-7ee3-61ab-9c44-dd40250946c4,Joanne's Flashcards,,,,35327f2b-9205-440f-8e38-f6da18f4dd54,35327f2b-9205-440f-8e38-f6da18f4dd54,2025-05-02T18:15:17.755Z,2025-05-02T18:15:17.755Z,0
1f029ef4-7754-6a6f-898f-6acf5c2c075a,Lion Roll,lyra,1,1f029e9a-7ee2-65b9-9f58-003ee438a5ce,Joanne's Flashcards,,,,35327f2b-9205-440f-8e38-f6da18f4dd54,35327f2b-9205-440f-8e38-f6da18f4dd54,2025-05-02T18:15:17.755Z,2025-05-02T18:15:17.755Z,0
1f029ef4-7753-6fb2-ab62-816207e47004,Low Man in the Moon,lyra,1,1f029e9a-7ee1-6d70-b9d1-50fbed763925,Joanne's Flashcards,,,,35327f2b-9205-440f-8e38-f6da18f4dd54,35327f2b-9205-440f-8e38-f6da18f4dd54,2025-05-02T18:15:17.755Z,2025-05-02T18:15:17.755Z,0
1f029ef4-7752-6f7c-a4bc-330e5e8d8e4d,Low Outside Mermaid,lyra,1,1f029e9a-7ee1-6303-8ddb-ce94b5108e3b,Joanne's Flashcards,,,,35327f2b-9205-440f-8e38-f6da18f4dd54,35327f2b-9205-440f-8e38-f6da18f4dd54,2025-05-02T18:15:17.755Z,2025-05-02T18:15:17.755Z,0
1f029ef4-7756-69e8-9668-44edce4e2777,Man in Moon Invert,lyra,2,1f029e9a-7ee3-6a3a-9362-fff4780b3c57,Joanne's Flashcards,,,,35327f2b-9205-440f-8e38-f6da18f4dd54,35327f2b-9205-440f-8e38-f6da18f4dd54,2025-05-02T18:15:17.755Z,2025-05-02T18:15:17.755Z,0
1f029ef4-7754-67f6-bc08-4b1d8aecdc0b,Man in Moon Low Legs Crossed,lyra,1,1f029e9a-7ee2-6428-bced-945f0cfe06f1,Joanne's Flashcards,,,,35327f2b-9205-440f-8e38-f6da18f4dd54,35327f2b-9205-440f-8e38-f6da18f4dd54,2025-05-02T18:15:17.755Z,2025-05-02T18:15:17.755Z,0
1f029ef4-7752-6d72-ac28-60dd4c38d5ee,Man in Moon Straddle,lyra,1,1f029e9a-7ee1-6175-bb30-f1c0e7f4e420,Joanne's Flashcards,,,,35327f2b-9205-440f-8e38-f6da18f4dd54,35327f2b-9205-440f-8e38-f6da18f4dd54,2025-05-02T18:15:17.755Z,2025-05-02T18:15:17.755Z,0
1f029ef4-7751-6b43-84a3-c14922c5be35,Man in the Moon,lyra,0,1f029e9a-7ee0-6bcd-b8c0-0187c2e0a6ec,Joanne's Flashcards,,,,35327f2b-9205-440f-8e38-f6da18f4dd54,35327f2b-9205-440f-8e38-f6da18f4dd54,2025-05-02T18:15:17.755Z,2025-05-02T18:15:17.755Z,0
1f029ef4-7757-63b1-bb4b-af0f317ca361,Man in the Moon Press Away,lyra,2,1f029e9a-7ee4-63c7-be17-05848c603659,Joanne's Flashcards,,,,35327f2b-9205-440f-8e38-f6da18f4dd54,35327f2b-9205-440f-8e38-f6da18f4dd54,2025-05-02T18:15:17.755Z,2025-05-02T18:15:17.755Z,0
1f029ef4-7757-60e6-a8c9-255f10f86e97,Martini,lyra,2,1f029e9a-7ee4-6112-89b4-d47e9ce48c77,Joanne's Flashcards,,,,35327f2b-9205-440f-8e38-f6da18f4dd54,35327f2b-9205-440f-8e38-f6da18f4dd54,2025-05-02T18:15:17.755Z,2025-05-02T18:15:17.755Z,0
1f029ef4-7757-61d1-ac6c-8aad287981d2,Martini Top Bar,lyra,2,1f029e9a-7ee4-61f5-9231-218b754da468,Joanne's Flashcards,,,,35327f2b-9205-440f-8e38-f6da18f4dd54,35327f2b-9205-440f-8e38-f6da18f4dd54,2025-05-02T18:15:17.755Z,2025-05-02T18:15:17.755Z,0
1f029ef4-7753-6bb9-85da-3e75b8c38e4e,Mermaid Inside,lyra,1,1f029e9a-7ee1-6b0f-98f5-ac3017c4d7ab,Joanne's Flashcards,,,,35327f2b-9205-440f-8e38-f6da18f4dd54,35327f2b-9205-440f-8e38-f6da18f4dd54,2025-05-02T18:15:17.755Z,2025-05-02T18:15:17.755Z,0
1f029ef4-7754-654c-89f0-e3f7659eace9,Mermaid Inside Flamenco Grip,lyra,1,1f029e9a-7ee2-6212-855d-6995a59e533f,Joanne's Flashcards,,,,35327f2b-9205-440f-8e38-f6da18f4dd54,35327f2b-9205-440f-8e38-f6da18f4dd54,2025-05-02T18:15:17.755Z,2025-05-02T18:15:17.755Z,0
1f029ef4-7753-6b54-a640-a9d2e36d7031,Mermaid Inside Split Legs,lyra,1,1f029e9a-7ee1-6ac1-b92e-e23b6341c2a8,Joanne's Flashcards,,,,35327f2b-9205-440f-8e38-f6da18f4dd54,35327f2b-9205-440f-8e38-f6da18f4dd54,2025-05-02T18:15:17.755Z,2025-05-02T18:15:17.755Z,0
1f029ef4-7754-673f-9c7c-484775d62481,Outside Knee Hook Both Legs,lyra,1,1f029e9a-7ee2-638e-8c07-f31f939c7898,Joanne's Flashcards,,,,35327f2b-9205-440f-8e38-f6da18f4dd54,35327f2b-9205-440f-8e38-f6da18f4dd54,2025-05-02T18:15:17.755Z,2025-05-02T18:15:17.755Z,0
1f029ef4-7753-6c7a-98a2-e658d504314b,Outside Lion,lyra,1,1f029e9a-7ee1-6ba3-b0d4-c979f59d7d7a,Joanne's Flashcards,,,,35327f2b-9205-440f-8e38-f6da18f4dd54,35327f2b-9205-440f-8e38-f6da18f4dd54,2025-05-02T18:15:17.755Z,2025-05-02T18:15:17.755Z,0
1f029ef4-7756-6a85-9d42-b95e41cdb75b,Outside Lion Slide,lyra,2,1f029e9a-7ee3-6ad5-9874-5ec082532753,Joanne's Flashcards,,,,35327f2b-9205-440f-8e38-f6da18f4dd54,35327f2b-9205-440f-8e38-f6da18f4dd54,2025-05-02T18:15:17.755Z,2025-05-02T18:15:17.755Z,0
1f029ef4-7756-67ff-9841-b9752ed95a01,Outside Lion Top Bar,lyra,2,1f029e9a-7ee3-6867-aaca-9db42f4d3085,Joanne's Flashcards,,,,35327f2b-9205-440f-8e38-f6da18f4dd54,35327f2b-9205-440f-8e38-f6da18f4dd54,2025-05-02T18:15:17.755Z,2025-05-02T18:15:17.755Z,0
1f029ef4-7754-619f-99d1-452016ec69c2,Outside Mermaid Arabesque,lyra,1,1f029e9a-7ee1-6ef8-83e3-ff135b0399f2,Joanne's Flashcards,,,,35327f2b-9205-440f-8e38-f6da18f4dd54,35327f2b-9205-440f-8e38-f6da18f4dd54,2025-05-02T18:15:17.755Z,2025-05-02T18:15:17.755Z,0
1f029ef4-7754-63e1-80fa-6c5c758c18d2,Outside Mermaid Crossed Legs,lyra,1,1f029e9a-7ee2-60d8-8633-8690132b4493,Joanne's Flashcards,,,,35327f2b-9205-440f-8e38-f6da18f4dd54,35327f2b-9205-440f-8e38-f6da18f4dd54,2025-05-02T18:15:17.755Z,2025-05-02T18:15:17.755Z,0
1f029ef4-7757-6806-beed-d0a56ccfb0fd,Pencil Bottom Bar,lyra,2,1f029e9a-7ee4-67f8-af3f-d68334125877,Joanne's Flashcards,,,,35327f2b-9205-440f-8e38-f6da18f4dd54,35327f2b-9205-440f-8e38-f6da18f4dd54,2025-05-02T18:15:17.755Z,2025-05-02T18:15:17.755Z,0
1f029ef4-7756-6f5a-aca4-2ee230e5d4fb,Pencil Bottom Bar Pike,lyra,2,1f029e9a-7ee3-6f66-9ac3-79899cc2196f,Joanne's Flashcards,,,,35327f2b-9205-440f-8e38-f6da18f4dd54,35327f2b-9205-440f-8e38-f6da18f4dd54,2025-05-02T18:15:17.755Z,2025-05-02T18:15:17.755Z,0
1f029ef4-7757-604a-982f-636e51afa47f,Pencil Bottom Bar Scorpion,lyra,2,1f029e9a-7ee4-6075-8318-1c40e707288d,Joanne's Flashcards,,,,35327f2b-9205-440f-8e38-f6da18f4dd54,35327f2b-9205-440f-8e38-f6da18f4dd54,2025-05-02T18:15:17.755Z,2025-05-02T18:15:17.755Z,0
1f029ef4-7757-65d8-a80b-6a1202a4b8e7,Pencil Bottom Bar Stag Legs,lyra,2,1f029e9a-7ee4-65d4-bc7c-6abcadbd5029,Joanne's Flashcards,,,,35327f2b-9205-440f-8e38-f6da18f4dd54,35327f2b-9205-440f-8e38-f6da18f4dd54,2025-05-02T18:15:17.755Z,2025-05-02T18:15:17.755Z,0
1f029ef4-7756-61a0-865e-2a6ea7490b11,Pencil Bottom Bar Straddle Split,lyra,2,1f029e9a-7ee3-61f9-8daa-ff07e5e3b436,Joanne's Flashcards,,,,35327f2b-9205-440f-8e38-f6da18f4dd54,35327f2b-9205-440f-8e38-f6da18f4dd54,2025-05-02T18:15:17.755Z,2025-05-02T18:15:17.755Z,0
1f029ef4-7757-6a3a-9974-66844d03f0b9,Pencil Top Bar,lyra,2,1f029e9a-7ee4-69da-b821-84cae79ce900,Joanne's Flashcards,,,,35327f2b-9205-440f-8e38-f6da18f4dd54,35327f2b-9205-440f-8e38-f6da18f4dd54,2025-05-02T18:15:17.755Z,2025-05-02T18:15:17.755Z,0
1f029ef4-7756-6bbe-9b4d-e316e6a6eb22,Pencil Top Bar Front Split,lyra,2,1f029e9a-7ee3-6c17-90ee-28ab4915f49d,Joanne's Flashcards,,,,35327f2b-9205-440f-8e38-f6da18f4dd54,35327f2b-9205-440f-8e38-f6da18f4dd54,2025-05-02T18:15:17.755Z,2025-05-02T18:15:17.755Z,0
1f029ef4-7756-684d-9b87-a4da66fb6002,Pencil Top Bar Pike,lyra,2,1f029e9a-7ee3-68bd-a340-4aafe5a38e49,Joanne's Flashcards,,,,35327f2b-9205-440f-8e38-f6da18f4dd54,35327f2b-9205-440f-8e38-f6da18f4dd54,2025-05-02T18:15:17.755Z,2025-05-02T18:15:17.755Z,0
1f029ef4-7756-6996-800b-cbf74df82ff3,Pencil Top Bar Scorpion,lyra,2,1f029e9a-7ee3-69ef-aa4b-6d93150ffd5c,Joanne's Flashcards,,,,35327f2b-9205-440f-8e38-f6da18f4dd54,35327f2b-9205-440f-8e38-f6da18f4dd54,2025-05-02T18:15:17.755Z,2025-05-02T18:15:17.755Z,0
1f029ef4-7756-6714-b725-c7f5b68e17ef,Pencil Top Bar Side Star,lyra,2,1f029e9a-7ee3-6785-8e11-948a9420f7f6,Joanne's Flashcards,,,,35327f2b-9205-440f-8e38-f6da18f4dd54,35327f2b-9205-440f-8e38-f6da18f4dd54,2025-05-02T18:15:17.755Z,2025-05-02T18:15:17.755Z,0
1f029ef4-7756-6623-a73d-7029bcdf1697,Pencil Top Bar Stag Legs,lyra,2,1f029e9a-7ee3-669d-b083-1bc773467b2b,Joanne's Flashcards,,,,35327f2b-9205-440f-8e38-f6da18f4dd54,35327f2b-9205-440f-8e38-f6da18f4dd54,2025-05-02T18:15:17.755Z,2025-05-02T18:15:17.755Z,0
1f029ef4-7756-6e50-88de-d871efdb107a,Pencil Top Bar Straddle Split,lyra,2,1f029e9a-7ee3-6e7a-b4aa-f7c8e536d158,Joanne's Flashcards,,,,35327f2b-9205-440f-8e38-f6da18f4dd54,35327f2b-9205-440f-8e38-f6da18f4dd54,2025-05-02T18:15:17.755Z,2025-05-02T18:15:17.755Z,0
1f029ef4-7756-6da3-92ab-e68ef0c499cc,Pencil Top Bar Tick Tocks,lyra,2,1f029e9a-7ee3-6de2-ad67-65049c4d48e3,Joanne's Flashcards,,,,35327f2b-9205-440f-8e38-f6da18f4dd54,35327f2b-9205-440f-8e38-f6da18f4dd54,2025-05-02T18:15:17.755Z,2025-05-02T18:15:17.755Z,0
1f029ef4-7754-6499-9e8b-c0b360632124,Pike Bottom Bar,lyra,1,1f029e9a-7ee2-617f-ae91-d9fde5111e89,Joanne's Flashcards,,,,35327f2b-9205-440f-8e38-f6da18f4dd54,35327f2b-9205-440f-8e38-f6da18f4dd54,2025-05-02T18:15:17.755Z,2025-05-02T18:15:17.755Z,0
1f029ef4-7756-6fa9-989f-085065993853,Pike Drop,lyra,2,1f029e9a-7ee3-6fb3-a17f-08ea1616c29f,Joanne's Flashcards,,,,35327f2b-9205-440f-8e38-f6da18f4dd54,35327f2b-9205-440f-8e38-f6da18f4dd54,2025-05-02T18:15:17.755Z,2025-05-02T18:15:17.755Z,0
1f029ef4-7752-6c28-b958-a12b5a13dbec,Pike Top Bar,lyra,1,1f029e9a-7ee1-6074-ab14-2c5163889fbd,Joanne's Flashcards,,,,35327f2b-9205-440f-8e38-f6da18f4dd54,35327f2b-9205-440f-8e38-f6da18f4dd54,2025-05-02T18:15:17.755Z,2025-05-02T18:15:17.755Z,0
1f029ef4-7754-62cd-9d67-69f2f34cd49d,Popsicle - Arch & Bent Legs,lyra,1,1f029e9a-7ee1-6fdc-8369-129e44e9e28a,Joanne's Flashcards,,,,35327f2b-9205-440f-8e38-f6da18f4dd54,35327f2b-9205-440f-8e38-f6da18f4dd54,2025-05-02T18:15:17.755Z,2025-05-02T18:15:17.755Z,0
1f029ef4-7753-6e64-80b2-5bcae6402378,Popsicle - Straight Legs,lyra,1,1f029e9a-7ee1-6c3c-ae20-92cee6c34b51,Joanne's Flashcards,,,,35327f2b-9205-440f-8e38-f6da18f4dd54,35327f2b-9205-440f-8e38-f6da18f4dd54,2025-05-02T18:15:17.755Z,2025-05-02T18:15:17.755Z,0
1f029ef4-7756-67b0-bfc8-62be72495f02,Pretzel Hang Low Bar Hands On,lyra,2,1f029e9a-7ee3-681c-bea6-6ca8c499c6fa,Joanne's Flashcards,,,,35327f2b-9205-440f-8e38-f6da18f4dd54,35327f2b-9205-440f-8e38-f6da18f4dd54,2025-05-02T18:15:17.755Z,2025-05-02T18:15:17.755Z,0
1f029ef4-7758-6327-aca8-33ea6eb35829,Pretzel Hang Low Bar No Hands,lyra,3,1f029e9a-7ee4-6e6f-b526-6f325f573e1a,Joanne's Flashcards,,,,35327f2b-9205-440f-8e38-f6da18f4dd54,35327f2b-9205-440f-8e38-f6da18f4dd54,2025-05-02T18:15:17.755Z,2025-05-02T18:15:17.755Z,0
1f029ef4-7756-657b-8cac-f30ac32d08bb,Pretzel Hang Low Bar One Hand,lyra,2,1f029e9a-7ee3-65f0-acb3-5b1b99140a6e,Joanne's Flashcards,,,,35327f2b-9205-440f-8e38-f6da18f4dd54,35327f2b-9205-440f-8e38-f6da18f4dd54,2025-05-02T18:15:17.755Z,2025-05-02T18:15:17.755Z,0
1f029ef4-7755-690f-8262-2ff47cc27d8b,Pretzel Single Arm No Knee Hook,lyra,2,1f029e9a-7ee2-6a03-8c7b-7226d428e854,Joanne's Flashcards,,,,35327f2b-9205-440f-8e38-f6da18f4dd54,35327f2b-9205-440f-8e38-f6da18f4dd54,2025-05-02T18:15:17.755Z,2025-05-02T18:15:17.755Z,0
1f029ef4-7751-6d2d-ad3b-130c48598c09,Profile Plank,lyra,0,1f029e9a-7ee0-6d4e-99ea-dd09e08466c1,Joanne's Flashcards,,,,35327f2b-9205-440f-8e38-f6da18f4dd54,35327f2b-9205-440f-8e38-f6da18f4dd54,2025-05-02T18:15:17.755Z,2025-05-02T18:15:17.755Z,0
1f029ef4-7757-6951-9f42-45ef0bc486e3,Profile Plank Elbow Hook,lyra,2,1f029e9a-7ee4-690f-b2e2-a77cc73074cd,Joanne's Flashcards,,,,35327f2b-9205-440f-8e38-f6da18f4dd54,35327f2b-9205-440f-8e38-f6da18f4dd54,2025-05-02T18:15:17.755Z,2025-05-02T18:15:17.755Z,0
1f029ef4-7753-61e4-ba28-5812fe0e1d59,Profile Plank L Pop with Split,lyra,1,1f029e9a-7ee1-649c-8480-fa366655637c,Joanne's Flashcards,,,,35327f2b-9205-440f-8e38-f6da18f4dd54,35327f2b-9205-440f-8e38-f6da18f4dd54,2025-05-02T18:15:17.755Z,2025-05-02T18:15:17.755Z,0
1f029ef4-7751-6998-9b84-cf3cbb486f87,Profile Sit,lyra,0,1f029e9a-7ee0-6a89-83bd-9dd1e379d136,Joanne's Flashcards,,,,35327f2b-9205-440f-8e38-f6da18f4dd54,35327f2b-9205-440f-8e38-f6da18f4dd54,2025-05-02T18:15:17.755Z,2025-05-02T18:15:17.755Z,0
1f029ef4-7753-65dc-8aec-221e2ed7805c,Prowl,lyra,1,1f029e9a-7ee1-67ad-889f-503db14f8f4a,Joanne's Flashcards,,,,35327f2b-9205-440f-8e38-f6da18f4dd54,35327f2b-9205-440f-8e38-f6da18f4dd54,2025-05-02T18:15:17.755Z,2025-05-02T18:15:17.755Z,0
1f029ef4-7754-61fd-9b10-7511c1ece29a,Running Man,lyra,1,1f029e9a-7ee1-6f43-b487-0664b930560b,Joanne's Flashcards,,,,35327f2b-9205-440f-8e38-f6da18f4dd54,35327f2b-9205-440f-8e38-f6da18f4dd54,2025-05-02T18:15:17.755Z,2025-05-02T18:15:17.755Z,0
1f029ef4-7755-6c77-bc19-1c445d5b932d,Running Man Cross Knee Release,lyra,2,1f029e9a-7ee2-6cbf-a54d-7b9b1a03b2e0,Joanne's Flashcards,,,,35327f2b-9205-440f-8e38-f6da18f4dd54,35327f2b-9205-440f-8e38-f6da18f4dd54,2025-05-02T18:15:17.755Z,2025-05-02T18:15:17.755Z,0
1f029ef4-7758-62d7-8bca-f309242ea02c,Russian Roll,lyra,3,1f029e9a-7ee4-6e2d-af68-5706a735f830,Joanne's Flashcards,,,,35327f2b-9205-440f-8e38-f6da18f4dd54,35327f2b-9205-440f-8e38-f6da18f4dd54,2025-05-02T18:15:17.755Z,2025-05-02T18:15:17.755Z,0
1f029ef4-7756-6cb8-981e-389827947f4e,Sacrum Balance Invert Top Bar,lyra,2,1f029e9a-7ee3-6d00-90ff-bfd6dd0c8a21,Joanne's Flashcards,,,,35327f2b-9205-440f-8e38-f6da18f4dd54,35327f2b-9205-440f-8e38-f6da18f4dd54,2025-05-02T18:15:17.755Z,2025-05-02T18:15:17.755Z,0
1f029ef4-7756-68a0-b23e-20829bb16e8f,Scorpion - Knee Hang Outside Top Bar,lyra,2,1f029e9a-7ee3-690c-91e3-f4f459fcb3fe,Joanne's Flashcards,,,,35327f2b-9205-440f-8e38-f6da18f4dd54,35327f2b-9205-440f-8e38-f6da18f4dd54,2025-05-02T18:15:17.755Z,2025-05-02T18:15:17.755Z,0
1f029ef4-7758-618e-b8ff-0f3d0741b315,Seated Forward Roll - Legs Bent,lyra,3,1f029e9a-7ee4-6d15-87ac-de8475431d53,Joanne's Flashcards,,,,35327f2b-9205-440f-8e38-f6da18f4dd54,35327f2b-9205-440f-8e38-f6da18f4dd54,2025-05-02T18:15:17.755Z,2025-05-02T18:15:17.755Z,0
1f029ef4-7758-613d-a72a-628aa6824158,Seated Forward Roll - Legs Straight,lyra,3,1f029e9a-7ee4-6cd2-9809-ddcba5ad0cc0,Joanne's Flashcards,,,,35327f2b-9205-440f-8e38-f6da18f4dd54,35327f2b-9205-440f-8e38-f6da18f4dd54,2025-05-02T18:15:17.755Z,2025-05-02T18:15:17.755Z,0
1f029ef4-7753-62a9-95a3-049d37a9290b,Secretary Sit Under Bar,lyra,1,1f029e9a-7ee1-653a-af87-cce9893ac03d,Joanne's Flashcards,,,,35327f2b-9205-440f-8e38-f6da18f4dd54,35327f2b-9205-440f-8e38-f6da18f4dd54,2025-05-02T18:15:17.755Z,2025-05-02T18:15:17.755Z,0
1f029ef4-7756-643e-b400-e03685f39a37,Shoulder Stand Arrow,lyra,2,1f029e9a-7ee3-64a9-9ebc-61f8cb7da8c2,Joanne's Flashcards,,,,35327f2b-9205-440f-8e38-f6da18f4dd54,35327f2b-9205-440f-8e38-f6da18f4dd54,2025-05-02T18:15:17.755Z,2025-05-02T18:15:17.755Z,0
1f029ef4-7757-649b-97b5-63f9c59b0e18,Shoulder Stand Delilah,lyra,2,1f029e9a-7ee4-64a9-a3c4-357b24d53706,Joanne's Flashcards,,,,35327f2b-9205-440f-8e38-f6da18f4dd54,35327f2b-9205-440f-8e38-f6da18f4dd54,2025-05-02T18:15:17.755Z,2025-05-02T18:15:17.755Z,0
1f029ef4-7757-68b2-bb47-e3a65f646f05,Shoulder Stand Double Knee Hang,lyra,2,1f029e9a-7ee4-6888-b67b-2e3560efcae6,Joanne's Flashcards,,,,35327f2b-9205-440f-8e38-f6da18f4dd54,35327f2b-9205-440f-8e38-f6da18f4dd54,2025-05-02T18:15:17.755Z,2025-05-02T18:15:17.755Z,0
1f029ef4-7755-6f11-8951-cdc700199ac1,Shoulder Stand Pike,lyra,2,1f029e9a-7ee2-6f3e-b67c-2c4cba6b7376,Joanne's Flashcards,,,,35327f2b-9205-440f-8e38-f6da18f4dd54,35327f2b-9205-440f-8e38-f6da18f4dd54,2025-05-02T18:15:17.755Z,2025-05-02T18:15:17.755Z,0
1f029ef4-7755-6d37-a423-ed3c826765b5,Side Bar Inverted Secretary Sit,lyra,2,1f029e9a-7ee2-6d59-8be0-b3c6c174c335,Joanne's Flashcards,,,,35327f2b-9205-440f-8e38-f6da18f4dd54,35327f2b-9205-440f-8e38-f6da18f4dd54,2025-05-02T18:15:17.755Z,2025-05-02T18:15:17.755Z,0
1f029ef4-7756-61f3-bf8f-e6191ef3c54a,Side Bar Thigh Hold,lyra,2,1f029e9a-7ee3-6248-b4d6-248b24376ab3,Joanne's Flashcards,,,,35327f2b-9205-440f-8e38-f6da18f4dd54,35327f2b-9205-440f-8e38-f6da18f4dd54,2025-05-02T18:15:17.755Z,2025-05-02T18:15:17.755Z,0
1f029ef4-7757-6361-8936-478c88072eca,Side Star Top Bar,lyra,2,1f029e9a-7ee4-6379-a313-babc4504de67,Joanne's Flashcards,,,,35327f2b-9205-440f-8e38-f6da18f4dd54,35327f2b-9205-440f-8e38-f6da18f4dd54,2025-05-02T18:15:17.755Z,2025-05-02T18:15:17.755Z,0
1f029ef4-7758-60ea-99bd-6c0291dce1f7,Single Arm Hang,lyra,3,1f029e9a-7ee4-6c8f-9d55-2784e7c85081,Joanne's Flashcards,,,,35327f2b-9205-440f-8e38-f6da18f4dd54,35327f2b-9205-440f-8e38-f6da18f4dd54,2025-05-02T18:15:17.755Z,2025-05-02T18:15:17.755Z,0
1f029ef4-7752-6f08-a4d5-a3cda8eb83c9,Single Knee Hang Bottom Bar 2 Hands,lyra,1,1f029e9a-7ee1-62b3-9af3-385e94adf5f4,Joanne's Flashcards,,,,35327f2b-9205-440f-8e38-f6da18f4dd54,35327f2b-9205-440f-8e38-f6da18f4dd54,2025-05-02T18:15:17.755Z,2025-05-02T18:15:17.755Z,0
1f029ef4-7757-6fe4-95bd-33bae501bfe9,Single Knee Hook - No Hands,lyra,3,1f029e9a-7ee4-6bc1-8093-22fb191b9cbb,Joanne's Flashcards,,,,35327f2b-9205-440f-8e38-f6da18f4dd54,35327f2b-9205-440f-8e38-f6da18f4dd54,2025-05-02T18:15:17.755Z,2025-05-02T18:15:17.755Z,0
1f029ef4-7758-643b-9135-d700ba3658a6,Single Knee Hook Back Press Away,lyra,3,1f029e9a-7ee4-6f37-980f-7d1539f60cff,Joanne's Flashcards,,,,35327f2b-9205-440f-8e38-f6da18f4dd54,35327f2b-9205-440f-8e38-f6da18f4dd54,2025-05-02T18:15:17.755Z,2025-05-02T18:15:17.755Z,0
1f029ef4-7758-6286-9b2b-4cefff3df43f,Single Knee Hook Front Press Away,lyra,3,1f029e9a-7ee4-6dde-acaa-852f12dfe769,Joanne's Flashcards,,,,35327f2b-9205-440f-8e38-f6da18f4dd54,35327f2b-9205-440f-8e38-f6da18f4dd54,2025-05-02T18:15:17.755Z,2025-05-02T18:15:17.755Z,0
1f029ef4-7753-6dde-b7c1-f458571e1e74,Sitting Top Bar,lyra,1,1f029e9a-7ee1-6bec-8ec6-69224a7f00a5,Joanne's Flashcards,,,,35327f2b-9205-440f-8e38-f6da18f4dd54,35327f2b-9205-440f-8e38-f6da18f4dd54,2025-05-02T18:15:17.755Z,2025-05-02T18:15:17.755Z,0
1f029ef4-7756-6c17-822d-64028d72e2be,Skin the Cat Bottom Bar,lyra,2,1f029e9a-7ee3-6c64-ac97-5a7055a1b2bd,Joanne's Flashcards,,,,35327f2b-9205-440f-8e38-f6da18f4dd54,35327f2b-9205-440f-8e38-f6da18f4dd54,2025-05-02T18:15:17.755Z,2025-05-02T18:15:17.755Z,0
1f029ef4-7758-6235-8127-53714aa7408a,Skin the Cat Top Bar,lyra,3,1f029e9a-7ee4-6d9a-b05b-85b10b19364f,Joanne's Flashcards,,,,35327f2b-9205-440f-8e38-f6da18f4dd54,35327f2b-9205-440f-8e38-f6da18f4dd54,2025-05-02T18:15:17.755Z,2025-05-02T18:15:17.755Z,0
1f029ef4-7753-6246-a742-4e4bee91c107,Sky Diver Bottom Bar,lyra,1,1f029e9a-7ee1-64ea-9b0d-bdb7a85ae48a,Joanne's Flashcards,,,,35327f2b-9205-440f-8e38-f6da18f4dd54,35327f2b-9205-440f-8e38-f6da18f4dd54,2025-05-02T18:15:17.755Z,2025-05-02T18:15:17.755Z,0
1f029ef4-7754-6a13-938c-b3f690a446a5,Spider Under Bar,lyra,1,1f029e9a-7ee2-6570-b6bc-bd8075481c40,Joanne's Flashcards,,,,35327f2b-9205-440f-8e38-f6da18f4dd54,35327f2b-9205-440f-8e38-f6da18f4dd54,2025-05-02T18:15:17.755Z,2025-05-02T18:15:17.755Z,0
1f029ef4-7756-6ff9-bc5e-f7ec4f182ad9,Split Leg Thru Window,lyra,2,1f029e9a-7ee3-6fff-a698-e236a4999263,Joanne's Flashcards,,,,35327f2b-9205-440f-8e38-f6da18f4dd54,35327f2b-9205-440f-8e38-f6da18f4dd54,2025-05-02T18:15:17.755Z,2025-05-02T18:15:17.755Z,0
1f029ef4-7756-607d-af67-fb486899b97d,Split Leg Thru Window Reverse,lyra,2,1f029e9a-7ee3-6083-b6d4-75770d1ed8a6,Joanne's Flashcards,,,,35327f2b-9205-440f-8e38-f6da18f4dd54,35327f2b-9205-440f-8e38-f6da18f4dd54,2025-05-02T18:15:17.755Z,2025-05-02T18:15:17.755Z,0
1f029ef4-7753-607a-a02d-4804140cafb9,Splits Down Hip Squared,lyra,1,1f029e9a-7ee1-63a3-8812-d2f0ce59bc02,Joanne's Flashcards,,,,35327f2b-9205-440f-8e38-f6da18f4dd54,35327f2b-9205-440f-8e38-f6da18f4dd54,2025-05-02T18:15:17.755Z,2025-05-02T18:15:17.755Z,0
1f029ef4-7751-6ba1-8549-9b0f350e366e,Stag,lyra,0,1f029e9a-7ee0-6c1d-8616-f7ede22e86ba,Joanne's Flashcards,,,,35327f2b-9205-440f-8e38-f6da18f4dd54,35327f2b-9205-440f-8e38-f6da18f4dd54,2025-05-02T18:15:17.755Z,2025-05-02T18:15:17.755Z,0
1f029ef4-7756-68f9-b8c3-603af27ab9bc,Stag Drop,lyra,2,1f029e9a-7ee3-6958-869c-94069261af26,Joanne's Flashcards,,,,35327f2b-9205-440f-8e38-f6da18f4dd54,35327f2b-9205-440f-8e38-f6da18f4dd54,2025-05-02T18:15:17.755Z,2025-05-02T18:15:17.755Z,0
1f029ef4-7757-67b8-9c75-2b13719d3465,Stag from Wine Glass,lyra,2,1f029e9a-7ee4-67b8-8bda-d2820a30dc2b,Joanne's Flashcards,,,,35327f2b-9205-440f-8e38-f6da18f4dd54,35327f2b-9205-440f-8e38-f6da18f4dd54,2025-05-02T18:15:17.755Z,2025-05-02T18:15:17.755Z,0
1f029ef4-7752-6ba2-9389-5869f4995b0b,Stand in Hoop Star,lyra,1,1f029e9a-7ee1-6021-95d7-6b5468db0150,Joanne's Flashcards,,,,35327f2b-9205-440f-8e38-f6da18f4dd54,35327f2b-9205-440f-8e38-f6da18f4dd54,2025-05-02T18:15:17.755Z,2025-05-02T18:15:17.755Z,0
1f029ef4-7753-6add-93c4-ec7fb8239d7d,Stand in Hoop Star One Leg,lyra,1,1f029e9a-7ee1-6a75-9078-108cd5de9b6c,Joanne's Flashcards,,,,35327f2b-9205-440f-8e38-f6da18f4dd54,35327f2b-9205-440f-8e38-f6da18f4dd54,2025-05-02T18:15:17.755Z,2025-05-02T18:15:17.755Z,0
1f029ef4-7754-6959-b6d3-493332b988ae,Stand Outside Hoop,lyra,1,1f029e9a-7ee2-64de-985d-b14e98f1335d,Joanne's Flashcards,,,,35327f2b-9205-440f-8e38-f6da18f4dd54,35327f2b-9205-440f-8e38-f6da18f4dd54,2025-05-02T18:15:17.755Z,2025-05-02T18:15:17.755Z,0
1f029ef4-7754-66e4-8246-c532b4706711,Standing Arabesque Inside Leg,lyra,1,1f029e9a-7ee2-6343-8a69-ab17b64a056a,Joanne's Flashcards,,,,35327f2b-9205-440f-8e38-f6da18f4dd54,35327f2b-9205-440f-8e38-f6da18f4dd54,2025-05-02T18:15:17.755Z,2025-05-02T18:15:17.755Z,0
1f029ef4-7754-679a-83f6-1e7563e6d27f,Standing Arabesque Outside Leg,lyra,1,1f029e9a-7ee2-63db-9de8-40ac5c96f8a2,Joanne's Flashcards,,,,35327f2b-9205-440f-8e38-f6da18f4dd54,35327f2b-9205-440f-8e38-f6da18f4dd54,2025-05-02T18:15:17.755Z,2025-05-02T18:15:17.755Z,0
1f029ef4-7753-650a-a9ac-a021453c1855,Standing in Hoop Stag Legs,lyra,1,1f029e9a-7ee1-6713-84b7-9ab8519ede3b,Joanne's Flashcards,,,,35327f2b-9205-440f-8e38-f6da18f4dd54,35327f2b-9205-440f-8e38-f6da18f4dd54,2025-05-02T18:15:17.755Z,2025-05-02T18:15:17.755Z,0
1f029ef4-7751-68ae-8178-7cd3bc9bea96,Standing Inside Hoop,lyra,0,1f029e9a-7ee0-69eb-9ee5-5b16ca1abd02,Joanne's Flashcards,,,,35327f2b-9205-440f-8e38-f6da18f4dd54,35327f2b-9205-440f-8e38-f6da18f4dd54,2025-05-02T18:15:17.755Z,2025-05-02T18:15:17.755Z,0
1f029ef4-7756-6ad3-8301-9f7fa7123f70,Straddle Back Bottom Bar,lyra,2,1f029e9a-7ee3-6b2b-a111-705c5885efc3,Joanne's Flashcards,,,,35327f2b-9205-440f-8e38-f6da18f4dd54,35327f2b-9205-440f-8e38-f6da18f4dd54,2025-05-02T18:15:17.755Z,2025-05-02T18:15:17.755Z,0
1f029ef4-7756-639c-982d-84464cf83da6,Straddle Back Drop,lyra,2,1f029e9a-7ee3-640d-b552-03c1dc096879,Joanne's Flashcards,,,,35327f2b-9205-440f-8e38-f6da18f4dd54,35327f2b-9205-440f-8e38-f6da18f4dd54,2025-05-02T18:15:17.755Z,2025-05-02T18:15:17.755Z,0
1f029ef4-7758-6044-a9e0-62153051f11a,Straddle Back Inside Outside Top Bar,lyra,3,1f029e9a-7ee4-6c08-a7bf-a553c132b0fe,Joanne's Flashcards,,,,35327f2b-9205-440f-8e38-f6da18f4dd54,35327f2b-9205-440f-8e38-f6da18f4dd54,2025-05-02T18:15:17.755Z,2025-05-02T18:15:17.755Z,0
1f029ef4-7758-64d9-8112-ca44e69ee548,Straddle Back Top Bar,lyra,3,1f029e9a-7ee4-6fbd-89e2-4f2d1d5f5477,Joanne's Flashcards,,,,35327f2b-9205-440f-8e38-f6da18f4dd54,35327f2b-9205-440f-8e38-f6da18f4dd54,2025-05-02T18:15:17.755Z,2025-05-02T18:15:17.755Z,0
1f029ef4-7754-65aa-8146-a7caa55fc5af,Superman - Hands On,lyra,1,1f029e9a-7ee2-625f-9559-7ce73ece0eca,Joanne's Flashcards,,,,35327f2b-9205-440f-8e38-f6da18f4dd54,35327f2b-9205-440f-8e38-f6da18f4dd54,2025-05-02T18:15:17.755Z,2025-05-02T18:15:17.755Z,0
1f029ef4-7755-6f6d-9cea-f65bdc559b49,Superman - No Hands,lyra,2,1f029e9a-7ee2-6f8a-ab62-e8d14f4f662e,Joanne's Flashcards,,,,35327f2b-9205-440f-8e38-f6da18f4dd54,35327f2b-9205-440f-8e38-f6da18f4dd54,2025-05-02T18:15:17.755Z,2025-05-02T18:15:17.755Z,0
1f029ef4-7757-6183-b6a6-cdf0bbc0b5c5,Threaded Leg Elbow Hook,lyra,2,1f029e9a-7ee4-61a9-88ea-4945ab53e0b9,Joanne's Flashcards,,,,35327f2b-9205-440f-8e38-f6da18f4dd54,35327f2b-9205-440f-8e38-f6da18f4dd54,2025-05-02T18:15:17.755Z,2025-05-02T18:15:17.755Z,0
1f029ef4-7754-6ad8-8332-7a160d78d4c5,Threaded Leg Exit,lyra,1,1f029e9a-7ee2-6611-8983-c3fbb7dd397b,Joanne's Flashcards,,,,35327f2b-9205-440f-8e38-f6da18f4dd54,35327f2b-9205-440f-8e38-f6da18f4dd54,2025-05-02T18:15:17.755Z,2025-05-02T18:15:17.755Z,0
1f029ef4-7751-6a7b-ade7-c6e5aadc0e9d,Toe Squat,lyra,0,1f029e9a-7ee0-6b23-9eb6-fcba0c880306,Joanne's Flashcards,,,,35327f2b-9205-440f-8e38-f6da18f4dd54,35327f2b-9205-440f-8e38-f6da18f4dd54,2025-05-02T18:15:17.755Z,2025-05-02T18:15:17.755Z,0
1f029ef4-7752-6c92-8813-8a807aa03f6f,Top Bar Sit Reach for Hoop,lyra,1,1f029e9a-7ee1-60d6-aa23-31813bc421e5,Joanne's Flashcards,,,,35327f2b-9205-440f-8e38-f6da18f4dd54,35327f2b-9205-440f-8e38-f6da18f4dd54,2025-05-02T18:15:17.755Z,2025-05-02T18:15:17.755Z,0
1f029ef4-7754-60d1-8960-2850a4e98f1d,Tree Frog,lyra,1,1f029e9a-7ee1-6e58-a109-393925225c05,Joanne's Flashcards,,,,35327f2b-9205-440f-8e38-f6da18f4dd54,35327f2b-9205-440f-8e38-f6da18f4dd54,2025-05-02T18:15:17.755Z,2025-05-02T18:15:17.755Z,0
1f029ef4-7757-62c6-b312-297a9e8ef403,Twisted Pike,lyra,2,1f029e9a-7ee4-62e5-be20-32ecc1fb7cad,Joanne's Flashcards,,,,35327f2b-9205-440f-8e38-f6da18f4dd54,35327f2b-9205-440f-8e38-f6da18f4dd54,2025-05-02T18:15:17.755Z,2025-05-02T18:15:17.755Z,0
1f029ef4-7757-6534-9f38-b97b40c9c6ed,Twisted V,lyra,2,1f029e9a-7ee4-6540-8642-7c00d7736b5e,Joanne's Flashcards,,,,35327f2b-9205-440f-8e38-f6da18f4dd54,35327f2b-9205-440f-8e38-f6da18f4dd54,2025-05-02T18:15:17.755Z,2025-05-02T18:15:17.755Z,0
1f029ef4-7755-6a9a-9057-426848fdfb82,Unsupported Mermaid,lyra,2,1f029e9a-7ee2-6b47-ae91-6e46f26a73f3,Joanne's Flashcards,,,,35327f2b-9205-440f-8e38-f6da18f4dd54,35327f2b-9205-440f-8e38-f6da18f4dd54,2025-05-02T18:15:17.755Z,2025-05-02T18:15:17.755Z,0
1f029ef4-7753-6572-ab44-173e4aba8c4e,Vine Crawl,lyra,1,1f029e9a-7ee1-6762-be60-7999c152ae01,Joanne's Flashcards,,,,35327f2b-9205-440f-8e38-f6da18f4dd54,35327f2b-9205-440f-8e38-f6da18f4dd54,2025-05-02T18:15:17.755Z,2025-05-02T18:15:17.755Z,0
1f029ef4-7754-6617-8f39-a7a9646c036b,Wine Glass,lyra,1,1f029e9a-7ee2-62a9-a5a5-f830ced5eb50,Joanne's Flashcards,,,,35327f2b-9205-440f-8e38-f6da18f4dd54,35327f2b-9205-440f-8e38-f6da18f4dd54,2025-05-02T18:15:17.755Z,2025-05-02T18:15:17.755Z,0
