path,name,level
uplift/horse.jpg,horse,0.0
uplift/l_sit.jpg,l_sit,0.0
uplift/flamingo.jpg,flamingo,0.0
uplift/inside_lion.jpg,inside_lion,0.0
uplift/hip_hang.jpg,hip_hang,0.0
uplift/high_layout_1_hand.jpg,high_layout_1_hand,0.0
uplift/knee_hook_layout_under_bar.jpg,knee_hook_layout_under_bar,0.0
uplift/lady_in_the_moon.jpg,lady_in_the_moon,0.0
uplift/double_knee_hook_trash_can.jpg,double_knee_hook_trash_can,0.0
uplift/man_in_the_moon.jpg,man_in_the_moon,0.0
uplift/toe_squat.jpg,toe_squat,0.0
uplift/cuddle.jpg,cuddle,0.0
uplift/profile_sit.jpg,profile_sit,0.0
uplift/clock.jpg,clock,0.0
uplift/standing_inside_hoop.jpg,standing_inside_hoop,0.0
uplift/profile_plank.jpg,profile_plank,0.0
uplift/high_layout_2_hands.jpg,high_layout_2_hands,0.0
uplift/stag.jpg,stag,0.0
uplift/genie_dismount.jpg,genie_dismount,1.0
uplift/bottom_bar_flip_out.jpg,bottom_bar_flip_out,1.0
uplift/popsicle_-_straight_legs.jpg,popsicle_-_straight_legs,1.0
uplift/outside_lion.jpg,outside_lion,1.0
uplift/stand_in_hoop_star_one_leg.jpg,stand_in_hoop_star_one_leg,1.0
uplift/low_outside_mermaid.jpg,low_outside_mermaid,1.0
uplift/mermaid_inside.jpg,mermaid_inside,1.0
uplift/sitting_top_bar.jpg,sitting_top_bar,1.0
uplift/hip_hang_flip_out.jpg,hip_hang_flip_out,1.0
uplift/dragonfly.jpg,dragonfly,1.0
uplift/knee_hang_bottom_bar_single_-_one_hand.jpg,knee_hang_bottom_bar_single_-_one_hand,1.0
uplift/hip_hang_zipper.jpg,hip_hang_zipper,1.0
uplift/stand_outside_hoop.jpg,stand_outside_hoop,1.0
uplift/standing_in_hoop_stag_legs.jpg,standing_in_hoop_stag_legs,1.0
uplift/profile_plank_l_pop_with_split.jpg,profile_plank_l_pop_with_split,1.0
uplift/prowl.jpg,prowl,1.0
uplift/knee_hang_double_bottom_bar.jpg,knee_hang_double_bottom_bar,1.0
uplift/candlestick.jpg,candlestick,1.0
uplift/butt_shelf_hands_on.jpg,butt_shelf_hands_on,1.0
uplift/vine_crawl.jpg,vine_crawl,1.0
uplift/knee_hang_bottom_bar_pike.jpg,knee_hang_bottom_bar_pike,1.0
uplift/hip_hang_flip_in.jpg,hip_hang_flip_in,1.0
uplift/arabesque_from_seated.jpg,arabesque_from_seated,1.0
uplift/figure_head.jpg,figure_head,1.0
uplift/half_angel_roll.jpg,half_angel_roll,1.0
uplift/ankle_cuddle.jpg,ankle_cuddle,1.0
uplift/pike_bottom_bar.jpg,pike_bottom_bar,1.0
uplift/gazelle_-_one_hand_knee.jpg,gazelle_-_one_hand_knee,1.0
uplift/knee_hang_top_bar_hands_high.jpg,knee_hang_top_bar_hands_high,1.0
uplift/fish.jpg,fish,1.0
uplift/popsicle_-_arch_&_bent_legs.jpg,popsicle_-_arch_&_bent_legs,1.0
uplift/hip_hang_foot_block.jpg,hip_hang_foot_block,1.0
uplift/high_outside_mermaid.jpg,high_outside_mermaid,1.0
uplift/top_bar_sit_reach_for_hoop.jpg,top_bar_sit_reach_for_hoop,1.0
uplift/l_pop.jpg,l_pop,1.0
uplift/knee_hang_top_bar_hands_low.jpg,knee_hang_top_bar_hands_low,1.0
uplift/single_knee_hang_bottom_bar_2_hands.jpg,single_knee_hang_bottom_bar_2_hands,1.0
uplift/outside_knee_hook_both_legs.jpg,outside_knee_hook_both_legs,1.0
uplift/bird’s_nest_bottom_bar.jpg,bird’s_nest_bottom_bar,1.0
uplift/mermaid_inside_split_legs.jpg,mermaid_inside_split_legs,1.0
uplift/pike_top_bar.jpg,pike_top_bar,1.0
uplift/sky_diver_bottom_bar.jpg,sky_diver_bottom_bar,1.0
uplift/wine_glass.jpg,wine_glass,1.0
uplift/knee_hang_top_bar_forward_press_away.jpg,knee_hang_top_bar_forward_press_away,1.0
uplift/standing_arabesque_outside_leg.jpg,standing_arabesque_outside_leg,1.0
uplift/lion_roll.jpg,lion_roll,1.0
uplift/low_man_in_the_moon.jpg,low_man_in_the_moon,1.0
uplift/half_angel_roll_low.jpg,half_angel_roll_low,1.0
uplift/splits_down_hip_squared.jpg,splits_down_hip_squared,1.0
uplift/fish_injured.jpg,fish_injured,1.0
uplift/spider_under_bar.jpg,spider_under_bar,1.0
uplift/profile_plank_elbow_hook.jpg,profile_plank_elbow_hook,1.0
uplift/outside_mermaid_arabesque.jpg,outside_mermaid_arabesque,1.0
uplift/gazelle_-_hands_on.jpg,gazelle_-_hands_on,1.0
uplift/amazon_-_hands_on.jpg,amazon_-_hands_on,1.0
uplift/gazelle_-_hands_on_knee.jpg,gazelle_-_hands_on_knee,1.0
uplift/mermaid_inside_flamenco_grip.jpg,mermaid_inside_flamenco_grip,1.0
uplift/threaded_leg_exit.jpg,threaded_leg_exit,1.0
uplift/tree_frog.jpg,tree_frog,1.0
uplift/running_man.jpg,running_man,1.0
uplift/delilah.jpg,delilah,1.0
uplift/inside_lion_arabesque.jpg,inside_lion_arabesque,1.0
uplift/secretary_sit_under_bar.jpg,secretary_sit_under_bar,1.0
uplift/outside_mermaid_crossed_legs.jpg,outside_mermaid_crossed_legs,1.0
uplift/half_mill_roll.jpg,half_mill_roll,1.0
uplift/butt_shelf_straight_legs.jpg,butt_shelf_straight_legs,1.0
uplift/man_in_moon_straddle.jpg,man_in_moon_straddle,1.0
uplift/around_the_world.jpg,around_the_world,1.0
uplift/superman_-_hands_on.jpg,superman_-_hands_on,1.0
uplift/man_in_moon_low_legs_crossed.jpg,man_in_moon_low_legs_crossed,1.0
uplift/standing_arabesque_inside_leg.jpg,standing_arabesque_inside_leg,1.0
uplift/stand_in_hoop_star.jpg,stand_in_hoop_star,1.0
uplift/knee_hang_top_bar_back_press_away.jpg,knee_hang_top_bar_back_press_away,1.0
uplift/amazon_split.jpg,amazon_split,1.0
uplift/hip_hang_inverted_flamingo.jpg,hip_hang_inverted_flamingo,2.0
uplift/pretzel_hang_low_bar_hands_on.jpg,pretzel_hang_low_bar_hands_on,2.0
uplift/ankle_hang_top_bar_-_holding_on.jpg,ankle_hang_top_bar_-_holding_on,2.0
uplift/stag_drop.jpg,stag_drop,2.0
uplift/pretzel_hang_low_bar_one_hand.jpg,pretzel_hang_low_bar_one_hand,2.0
uplift/cannon_ball.jpg,cannon_ball,2.0
uplift/pretzel_single_arm_no_knee_hook.jpg,pretzel_single_arm_no_knee_hook,2.0
uplift/hip_hang_scorpion.jpg,hip_hang_scorpion,2.0
uplift/martini.jpg,martini,2.0
uplift/jamilla.jpg,jamilla,2.0
uplift/twisted_pike.jpg,twisted_pike,2.0
uplift/pike_drop.jpg,pike_drop,2.0
uplift/man_in_the_moon_press_away.jpg,man_in_the_moon_press_away,2.0
uplift/inverted_star_stag_legs.jpg,inverted_star_stag_legs,2.0
uplift/outside_lion_slide.jpg,outside_lion_slide,2.0
uplift/bird’s_nest_bottom_bar_one_leg.jpg,bird’s_nest_bottom_bar_one_leg,2.0
uplift/man_in_moon_invert.jpg,man_in_moon_invert,2.0
uplift/gazelle_french.jpg,gazelle_french,2.0
uplift/leg_block_faint.jpg,leg_block_faint,2.0
uplift/gazelle_twist_half_split.jpg,gazelle_twist_half_split,2.0
uplift/butt_shelf_-_no_hands.jpg,butt_shelf_-_no_hands,2.0
uplift/inside_lion_slide.jpg,inside_lion_slide,2.0
uplift/inverted_star_top_bar.jpg,inverted_star_top_bar,2.0
uplift/gazelle_allegra_straight_leg.jpg,gazelle_allegra_straight_leg,2.0
uplift/half_back_balance.jpg,half_back_balance,2.0
uplift/bird’s_nest_top_bar.jpg,bird’s_nest_top_bar,2.0
uplift/shoulder_stand_delilah.jpg,shoulder_stand_delilah,2.0
uplift/inverted_hoop_flip_bent_legs.jpg,inverted_hoop_flip_bent_legs,2.0
uplift/half_beauty_roll_-_from_high_outside_mermaid.jpg,half_beauty_roll_-_from_high_outside_mermaid,2.0
uplift/side_bar_inverted_secretary_sit.jpg,side_bar_inverted_secretary_sit,2.0
uplift/pencil_bottom_bar_pike.jpg,pencil_bottom_bar_pike,2.0
uplift/split_leg_thru_window_reverse.jpg,split_leg_thru_window_reverse,2.0
uplift/scorpion_-_knee_hang_outside_top_bar.jpg,scorpion_-_knee_hang_outside_top_bar,2.0
uplift/pencil_bottom_bar_scorpion.jpg,pencil_bottom_bar_scorpion,2.0
uplift/pencil_top_bar.jpg,pencil_top_bar,2.0
uplift/pencil_top_bar_side_star.jpg,pencil_top_bar_side_star,2.0
uplift/hip_hang_top_bar.jpg,hip_hang_top_bar,2.0
uplift/inverted_star_hoop_flip.jpg,inverted_star_hoop_flip,2.0
uplift/outside_lion_top_bar.jpg,outside_lion_top_bar,2.0
uplift/diving_bird.jpg,diving_bird,2.0
uplift/flag.jpg,flag,2.0
uplift/inside_lion_top_bar.jpg,inside_lion_top_bar,2.0
uplift/twisted_v.jpg,twisted_v,2.0
uplift/pencil_top_bar_stag_legs.jpg,pencil_top_bar_stag_legs,2.0
uplift/flying_saucer.jpg,flying_saucer,2.0
uplift/gazelle_french_stag_legs.jpg,gazelle_french_stag_legs,2.0
uplift/hh_foot_block_-_both_legs.jpg,hh_foot_block_-_both_legs,2.0
uplift/chest_stand_pencil.jpg,chest_stand_pencil,2.0
uplift/bird’s_nest_top_bar_single_leg.jpg,bird’s_nest_top_bar_single_leg,2.0
uplift/chest_stand_pike.jpg,chest_stand_pike,2.0
uplift/gazelle_front_split.jpg,gazelle_front_split,2.0
uplift/cuddle_top_bar.jpg,cuddle_top_bar,2.0
uplift/pencil_top_bar_front_split.jpg,pencil_top_bar_front_split,2.0
uplift/half_popsicle_roll.jpg,half_popsicle_roll,2.0
uplift/shoulder_stand_arrow.jpg,shoulder_stand_arrow,2.0
uplift/hock_hang.jpg,hock_hang,2.0
uplift/butt_shelf_-_legs_straight_above_no_hands.jpg,butt_shelf_-_legs_straight_above_no_hands,2.0
uplift/gazelle_allegra_bent_leg.jpg,gazelle_allegra_bent_leg,2.0
uplift/pencil_top_bar_tick_tocks.jpg,pencil_top_bar_tick_tocks,2.0
uplift/arm_pit_block_top_bar.jpg,arm_pit_block_top_bar,2.0
uplift/faux_butt_shelf.jpg,faux_butt_shelf,2.0
uplift/unsupported_mermaid.jpg,unsupported_mermaid,2.0
uplift/pencil_bottom_bar.jpg,pencil_bottom_bar,2.0
uplift/pencil_bottom_bar_stag_legs.jpg,pencil_bottom_bar_stag_legs,2.0
uplift/circus_mermaid.jpg,circus_mermaid,2.0
uplift/split_leg_thru_window.jpg,split_leg_thru_window,2.0
uplift/straddle_back_bottom_bar.jpg,straddle_back_bottom_bar,2.0
uplift/half_crescent_moon.jpg,half_crescent_moon,2.0
uplift/inverted_running_man_top_bar.jpg,inverted_running_man_top_bar,2.0
uplift/chest_stand_delilah.jpg,chest_stand_delilah,2.0
uplift/gazelle_no_hands.jpg,gazelle_no_hands,2.0
uplift/elbow_hook_single_inside_knee_hook_single.jpg,elbow_hook_single_inside_knee_hook_single,2.0
uplift/shoulder_stand_pike.jpg,shoulder_stand_pike,2.0
uplift/superman_-_no_hands.jpg,superman_-_no_hands,2.0
uplift/martini_top_bar.jpg,martini_top_bar,2.0
uplift/back_balance_-_hands_on.jpg,back_balance_-_hands_on,2.0
uplift/side_star_top_bar.jpg,side_star_top_bar,2.0
uplift/crossed_leg_sit_top_bar.jpg,crossed_leg_sit_top_bar,2.0
uplift/side_bar_thigh_hold.jpg,side_bar_thigh_hold,2.0
uplift/profile_plank_elbow_hook.jpg,profile_plank_elbow_hook,2.0
uplift/stag_from_wine_glass.jpg,stag_from_wine_glass,2.0
uplift/delilah_hand_press_away.jpg,delilah_hand_press_away,2.0
uplift/pencil_bottom_bar_straddle_split.jpg,pencil_bottom_bar_straddle_split,2.0
uplift/butt_shelf_-_one_leg_straight_other_bent_behind.jpg,butt_shelf_-_one_leg_straight_other_bent_behind,2.0
uplift/threaded_leg_elbow_hook.jpg,threaded_leg_elbow_hook,2.0
uplift/pencil_top_bar_straddle_split.jpg,pencil_top_bar_straddle_split,2.0
uplift/amazon_top_hand_off.jpg,amazon_top_hand_off,2.0
uplift/knee_hang_double_top_bar_-_no_hands.jpg,knee_hang_double_top_bar_-_no_hands,2.0
uplift/running_man_cross_knee_release.jpg,running_man_cross_knee_release,2.0
uplift/delilah_sideways_top_bar.jpg,delilah_sideways_top_bar,2.0
uplift/pencil_top_bar_scorpion.jpg,pencil_top_bar_scorpion,2.0
uplift/fallen_angel.jpg,fallen_angel,2.0
uplift/sacrum_balance_invert_top_bar.jpg,sacrum_balance_invert_top_bar,2.0
uplift/gazelle_twist_split_full.jpg,gazelle_twist_split_full,2.0
uplift/delilah_foot_press_away.jpg,delilah_foot_press_away,2.0
uplift/shoulder_stand_double_knee_hang.jpg,shoulder_stand_double_knee_hang,2.0
uplift/half_beauty_roll_-_from_inside_lion.jpg,half_beauty_roll_-_from_inside_lion,2.0
uplift/pencil_top_bar_pike.jpg,pencil_top_bar_pike,2.0
uplift/skin_the_cat_bottom_bar.jpg,skin_the_cat_bottom_bar,2.0
uplift/cuddle_slide.jpg,cuddle_slide,2.0
uplift/candlestick_reverse_from_stag.jpg,candlestick_reverse_from_stag,2.0
uplift/straddle_back_drop.jpg,straddle_back_drop,2.0
uplift/figure_four_foot_block_under_bar.jpg,figure_four_foot_block_under_bar,2.0
uplift/chest_stand_arrow.jpg,chest_stand_arrow,2.0
uplift/flamenco_grip_inside_mermaid_knee_hook.jpg,flamenco_grip_inside_mermaid_knee_hook,2.0
uplift/cuddle_roll.jpg,cuddle_roll,3.0
uplift/straddle_back_top_bar.jpg,straddle_back_top_bar,3.0
uplift/half_back_balance_-_no_hands.jpg,half_back_balance_-_no_hands,3.0
uplift/back_balance_-_no_hands.jpg,back_balance_-_no_hands,3.0
uplift/single_knee_hook_front_press_away.jpg,single_knee_hook_front_press_away,3.0
uplift/straddle_back_inside_outside_top_bar.jpg,straddle_back_inside_outside_top_bar,3.0
uplift/single_knee_hook_back_press_away.jpg,single_knee_hook_back_press_away,3.0
uplift/elbow_hook_double_top_bar.jpg,elbow_hook_double_top_bar,3.0
uplift/skin_the_cat_top_bar.jpg,skin_the_cat_top_bar,3.0
uplift/hock_hang_top_bar.jpg,hock_hang_top_bar,3.0
uplift/pretzel_hang_low_bar_no_hands.jpg,pretzel_hang_low_bar_no_hands,3.0
uplift/single_arm_hang.jpg,single_arm_hang,3.0
uplift/elbow_hook_double_bottom_bar.jpg,elbow_hook_double_bottom_bar,3.0
uplift/seated_forward_roll_-_legs_straight.jpg,seated_forward_roll_-_legs_straight,3.0
uplift/ankle_hang_top_bar_-_no_hands.jpg,ankle_hang_top_bar_-_no_hands,3.0
uplift/russian_roll.jpg,russian_roll,3.0
uplift/single_knee_hook_-_no_hands.jpg,single_knee_hook_-_no_hands,3.0
uplift/seated_forward_roll_-_legs_bent.jpg,seated_forward_roll_-_legs_bent,3.0
