id,name,apparatus,level,primary_media_id,description,teaching_cues,safety_cues,progressions,created_by,updated_by,created_at,updated_at,is_synced
1f029ef4-7751-6263-8b4a-17959b8a6bca,double_knee_hook_trash_can,lyra,0.0,,Joanne's Flashcards,,,,35327f2b-9205-440f-8e38-f6da18f4dd54,35327f2b-9205-440f-8e38-f6da18f4dd54,2025-05-02T18:15:17.755Z,2025-05-02T18:15:17.755Z,0
1f029ef4-7751-65a7-8b5a-34fe481052a8,inside_lion,lyra,0.0,,Joanne's Flashcards,,,,35327f2b-9205-440f-8e38-f6da18f4dd54,35327f2b-9205-440f-8e38-f6da18f4dd54,2025-05-02T18:15:17.755Z,2025-05-02T18:15:17.755Z,0
1f029ef4-7751-6683-bed5-f08103f1168b,lady_in_the_moon,lyra,0.0,,Joanne's Flashcards,,,,35327f2b-9205-440f-8e38-f6da18f4dd54,35327f2b-9205-440f-8e38-f6da18f4dd54,2025-05-02T18:15:17.755Z,2025-05-02T18:15:17.755Z,0
1f029ef4-7751-671c-9b35-8546752e4ecf,knee_hook_layout_under_bar,lyra,0.0,,Joanne's Flashcards,,,,35327f2b-9205-440f-8e38-f6da18f4dd54,35327f2b-9205-440f-8e38-f6da18f4dd54,2025-05-02T18:15:17.755Z,2025-05-02T18:15:17.755Z,0
1f029ef4-7751-67b4-9e08-d55c4c3d2711,clock,lyra,0.0,,Joanne's Flashcards,,,,35327f2b-9205-440f-8e38-f6da18f4dd54,35327f2b-9205-440f-8e38-f6da18f4dd54,2025-05-02T18:15:17.755Z,2025-05-02T18:15:17.755Z,0
1f029ef4-7751-6837-a914-36440e923108,high_layout_2_hands,lyra,0.0,,Joanne's Flashcards,,,,35327f2b-9205-440f-8e38-f6da18f4dd54,35327f2b-9205-440f-8e38-f6da18f4dd54,2025-05-02T18:15:17.755Z,2025-05-02T18:15:17.755Z,0
1f029ef4-7751-68ae-8178-7cd3bc9bea96,standing_inside_hoop,lyra,0.0,,Joanne's Flashcards,,,,35327f2b-9205-440f-8e38-f6da18f4dd54,35327f2b-9205-440f-8e38-f6da18f4dd54,2025-05-02T18:15:17.755Z,2025-05-02T18:15:17.755Z,0
1f029ef4-7751-6929-8810-a0a223c1124c,cuddle,lyra,0.0,,Joanne's Flashcards,,,,35327f2b-9205-440f-8e38-f6da18f4dd54,35327f2b-9205-440f-8e38-f6da18f4dd54,2025-05-02T18:15:17.755Z,2025-05-02T18:15:17.755Z,0
1f029ef4-7751-6998-9b84-cf3cbb486f87,profile_sit,lyra,0.0,,Joanne's Flashcards,,,,35327f2b-9205-440f-8e38-f6da18f4dd54,35327f2b-9205-440f-8e38-f6da18f4dd54,2025-05-02T18:15:17.755Z,2025-05-02T18:15:17.755Z,0
1f029ef4-7751-6a1e-8173-369385effeae,flamingo,lyra,0.0,,Joanne's Flashcards,,,,35327f2b-9205-440f-8e38-f6da18f4dd54,35327f2b-9205-440f-8e38-f6da18f4dd54,2025-05-02T18:15:17.755Z,2025-05-02T18:15:17.755Z,0
1f029ef4-7751-6a7b-ade7-c6e5aadc0e9d,toe_squat,lyra,0.0,,Joanne's Flashcards,,,,35327f2b-9205-440f-8e38-f6da18f4dd54,35327f2b-9205-440f-8e38-f6da18f4dd54,2025-05-02T18:15:17.755Z,2025-05-02T18:15:17.755Z,0
1f029ef4-7751-6ae2-946b-bb7955587ae0,high_layout_1_hand,lyra,0.0,,Joanne's Flashcards,,,,35327f2b-9205-440f-8e38-f6da18f4dd54,35327f2b-9205-440f-8e38-f6da18f4dd54,2025-05-02T18:15:17.755Z,2025-05-02T18:15:17.755Z,0
1f029ef4-7751-6b43-84a3-c14922c5be35,man_in_the_moon,lyra,0.0,,Joanne's Flashcards,,,,35327f2b-9205-440f-8e38-f6da18f4dd54,35327f2b-9205-440f-8e38-f6da18f4dd54,2025-05-02T18:15:17.755Z,2025-05-02T18:15:17.755Z,0
1f029ef4-7751-6ba1-8549-9b0f350e366e,stag,lyra,0.0,,Joanne's Flashcards,,,,35327f2b-9205-440f-8e38-f6da18f4dd54,35327f2b-9205-440f-8e38-f6da18f4dd54,2025-05-02T18:15:17.755Z,2025-05-02T18:15:17.755Z,0
1f029ef4-7751-6c04-b091-879130ae684f,l_sit,lyra,0.0,,Joanne's Flashcards,,,,35327f2b-9205-440f-8e38-f6da18f4dd54,35327f2b-9205-440f-8e38-f6da18f4dd54,2025-05-02T18:15:17.755Z,2025-05-02T18:15:17.755Z,0
1f029ef4-7751-6c60-9f66-42db81c39226,hip_hang,lyra,0.0,,Joanne's Flashcards,,,,35327f2b-9205-440f-8e38-f6da18f4dd54,35327f2b-9205-440f-8e38-f6da18f4dd54,2025-05-02T18:15:17.755Z,2025-05-02T18:15:17.755Z,0
1f029ef4-7751-6cce-b1bb-439542ed9f9c,horse,lyra,0.0,,Joanne's Flashcards,,,,35327f2b-9205-440f-8e38-f6da18f4dd54,35327f2b-9205-440f-8e38-f6da18f4dd54,2025-05-02T18:15:17.755Z,2025-05-02T18:15:17.755Z,0
1f029ef4-7751-6d2d-ad3b-130c48598c09,profile_plank,lyra,0.0,,Joanne's Flashcards,,,,35327f2b-9205-440f-8e38-f6da18f4dd54,35327f2b-9205-440f-8e38-f6da18f4dd54,2025-05-02T18:15:17.755Z,2025-05-02T18:15:17.755Z,0
1f029ef4-7752-6a45-b76a-2817fa251ef1,butt_shelf_hands_on,lyra,1.0,,Joanne's Flashcards,,,,35327f2b-9205-440f-8e38-f6da18f4dd54,35327f2b-9205-440f-8e38-f6da18f4dd54,2025-05-02T18:15:17.755Z,2025-05-02T18:15:17.755Z,0
1f029ef4-7752-6ba2-9389-5869f4995b0b,stand_in_hoop_star,lyra,1.0,,Joanne's Flashcards,,,,35327f2b-9205-440f-8e38-f6da18f4dd54,35327f2b-9205-440f-8e38-f6da18f4dd54,2025-05-02T18:15:17.755Z,2025-05-02T18:15:17.755Z,0
1f029ef4-7752-6c28-b958-a12b5a13dbec,pike_top_bar,lyra,1.0,,Joanne's Flashcards,,,,35327f2b-9205-440f-8e38-f6da18f4dd54,35327f2b-9205-440f-8e38-f6da18f4dd54,2025-05-02T18:15:17.755Z,2025-05-02T18:15:17.755Z,0
1f029ef4-7752-6c92-8813-8a807aa03f6f,top_bar_sit_reach_for_hoop,lyra,1.0,,Joanne's Flashcards,,,,35327f2b-9205-440f-8e38-f6da18f4dd54,35327f2b-9205-440f-8e38-f6da18f4dd54,2025-05-02T18:15:17.755Z,2025-05-02T18:15:17.755Z,0
1f029ef4-7752-6d05-a93e-e4ee221aaa43,fish_injured,lyra,1.0,,Joanne's Flashcards,,,,35327f2b-9205-440f-8e38-f6da18f4dd54,35327f2b-9205-440f-8e38-f6da18f4dd54,2025-05-02T18:15:17.755Z,2025-05-02T18:15:17.755Z,0
1f029ef4-7752-6d72-ac28-60dd4c38d5ee,man_in_moon_straddle,lyra,1.0,,Joanne's Flashcards,,,,35327f2b-9205-440f-8e38-f6da18f4dd54,35327f2b-9205-440f-8e38-f6da18f4dd54,2025-05-02T18:15:17.755Z,2025-05-02T18:15:17.755Z,0
1f029ef4-7752-6ddb-8e22-ba5d82a20e17,hip_hang_flip_out,lyra,1.0,,Joanne's Flashcards,,,,35327f2b-9205-440f-8e38-f6da18f4dd54,35327f2b-9205-440f-8e38-f6da18f4dd54,2025-05-02T18:15:17.755Z,2025-05-02T18:15:17.755Z,0
1f029ef4-7752-6e3a-b302-c2300931ebbd,gazelle_-_hands_on,lyra,1.0,,Joanne's Flashcards,,,,35327f2b-9205-440f-8e38-f6da18f4dd54,35327f2b-9205-440f-8e38-f6da18f4dd54,2025-05-02T18:15:17.755Z,2025-05-02T18:15:17.755Z,0
1f029ef4-7752-6e98-9743-c8fa2a6ae125,bottom_bar_flip_out,lyra,1.0,,Joanne's Flashcards,,,,35327f2b-9205-440f-8e38-f6da18f4dd54,35327f2b-9205-440f-8e38-f6da18f4dd54,2025-05-02T18:15:17.755Z,2025-05-02T18:15:17.755Z,0
1f029ef4-7752-6f08-a4d5-a3cda8eb83c9,single_knee_hang_bottom_bar_2_hands,lyra,1.0,,Joanne's Flashcards,,,,35327f2b-9205-440f-8e38-f6da18f4dd54,35327f2b-9205-440f-8e38-f6da18f4dd54,2025-05-02T18:15:17.755Z,2025-05-02T18:15:17.755Z,0
1f029ef4-7752-6f7c-a4bc-330e5e8d8e4d,low_outside_mermaid,lyra,1.0,,Joanne's Flashcards,,,,35327f2b-9205-440f-8e38-f6da18f4dd54,35327f2b-9205-440f-8e38-f6da18f4dd54,2025-05-02T18:15:17.755Z,2025-05-02T18:15:17.755Z,0
1f029ef4-7753-6014-8172-339de5a5d767,knee_hang_bottom_bar_pike,lyra,1.0,,Joanne's Flashcards,,,,35327f2b-9205-440f-8e38-f6da18f4dd54,35327f2b-9205-440f-8e38-f6da18f4dd54,2025-05-02T18:15:17.755Z,2025-05-02T18:15:17.755Z,0
1f029ef4-7753-607a-a02d-4804140cafb9,splits_down_hip_squared,lyra,1.0,,Joanne's Flashcards,,,,35327f2b-9205-440f-8e38-f6da18f4dd54,35327f2b-9205-440f-8e38-f6da18f4dd54,2025-05-02T18:15:17.755Z,2025-05-02T18:15:17.755Z,0
1f029ef4-7753-60fe-8c9c-df0dc5b55639,l_pop,lyra,1.0,,Joanne's Flashcards,,,,35327f2b-9205-440f-8e38-f6da18f4dd54,35327f2b-9205-440f-8e38-f6da18f4dd54,2025-05-02T18:15:17.755Z,2025-05-02T18:15:17.755Z,0
1f029ef4-7753-616d-9604-34bed5e8362e,candlestick,lyra,1.0,,Joanne's Flashcards,,,,35327f2b-9205-440f-8e38-f6da18f4dd54,35327f2b-9205-440f-8e38-f6da18f4dd54,2025-05-02T18:15:17.755Z,2025-05-02T18:15:17.755Z,0
1f029ef4-7753-61e4-ba28-5812fe0e1d59,profile_plank_l_pop_with_split,lyra,1.0,,Joanne's Flashcards,,,,35327f2b-9205-440f-8e38-f6da18f4dd54,35327f2b-9205-440f-8e38-f6da18f4dd54,2025-05-02T18:15:17.755Z,2025-05-02T18:15:17.755Z,0
1f029ef4-7753-6246-a742-4e4bee91c107,sky_diver_bottom_bar,lyra,1.0,,Joanne's Flashcards,,,,35327f2b-9205-440f-8e38-f6da18f4dd54,35327f2b-9205-440f-8e38-f6da18f4dd54,2025-05-02T18:15:17.755Z,2025-05-02T18:15:17.755Z,0
1f029ef4-7753-62a9-95a3-049d37a9290b,secretary_sit_under_bar,lyra,1.0,,Joanne's Flashcards,,,,35327f2b-9205-440f-8e38-f6da18f4dd54,35327f2b-9205-440f-8e38-f6da18f4dd54,2025-05-02T18:15:17.755Z,2025-05-02T18:15:17.755Z,0
1f029ef4-7753-6308-afc5-f636168b2f7a,delilah,lyra,1.0,,Joanne's Flashcards,,,,35327f2b-9205-440f-8e38-f6da18f4dd54,35327f2b-9205-440f-8e38-f6da18f4dd54,2025-05-02T18:15:17.755Z,2025-05-02T18:15:17.755Z,0
1f029ef4-7753-636b-9952-364cddffcc92,figure_head,lyra,1.0,,Joanne's Flashcards,,,,35327f2b-9205-440f-8e38-f6da18f4dd54,35327f2b-9205-440f-8e38-f6da18f4dd54,2025-05-02T18:15:17.755Z,2025-05-02T18:15:17.755Z,0
1f029ef4-7753-63c5-87ff-80fbc881d94b,hip_hang_foot_block,lyra,1.0,,Joanne's Flashcards,,,,35327f2b-9205-440f-8e38-f6da18f4dd54,35327f2b-9205-440f-8e38-f6da18f4dd54,2025-05-02T18:15:17.755Z,2025-05-02T18:15:17.755Z,0
1f029ef4-7753-643e-b439-b342b41ac806,knee_hang_top_bar_hands_high,lyra,1.0,,Joanne's Flashcards,,,,35327f2b-9205-440f-8e38-f6da18f4dd54,35327f2b-9205-440f-8e38-f6da18f4dd54,2025-05-02T18:15:17.755Z,2025-05-02T18:15:17.755Z,0
1f029ef4-7753-64a4-bdf1-8cfdf7794c3b,gazelle_-_hands_on_knee,lyra,1.0,,Joanne's Flashcards,,,,35327f2b-9205-440f-8e38-f6da18f4dd54,35327f2b-9205-440f-8e38-f6da18f4dd54,2025-05-02T18:15:17.755Z,2025-05-02T18:15:17.755Z,0
1f029ef4-7753-650a-a9ac-a021453c1855,standing_in_hoop_stag_legs,lyra,1.0,,Joanne's Flashcards,,,,35327f2b-9205-440f-8e38-f6da18f4dd54,35327f2b-9205-440f-8e38-f6da18f4dd54,2025-05-02T18:15:17.755Z,2025-05-02T18:15:17.755Z,0
1f029ef4-7753-6572-ab44-173e4aba8c4e,vine_crawl,lyra,1.0,,Joanne's Flashcards,,,,35327f2b-9205-440f-8e38-f6da18f4dd54,35327f2b-9205-440f-8e38-f6da18f4dd54,2025-05-02T18:15:17.755Z,2025-05-02T18:15:17.755Z,0
1f029ef4-7753-65dc-8aec-221e2ed7805c,prowl,lyra,1.0,,Joanne's Flashcards,,,,35327f2b-9205-440f-8e38-f6da18f4dd54,35327f2b-9205-440f-8e38-f6da18f4dd54,2025-05-02T18:15:17.755Z,2025-05-02T18:15:17.755Z,0
1f029ef4-7753-6650-8f1f-82c66d685db7,knee_hang_top_bar_forward_press_away,lyra,1.0,,Joanne's Flashcards,,,,35327f2b-9205-440f-8e38-f6da18f4dd54,35327f2b-9205-440f-8e38-f6da18f4dd54,2025-05-02T18:15:17.755Z,2025-05-02T18:15:17.755Z,0
1f029ef4-7753-66c1-8953-11881f5e11e7,half_mill_roll,lyra,1.0,,Joanne's Flashcards,,,,35327f2b-9205-440f-8e38-f6da18f4dd54,35327f2b-9205-440f-8e38-f6da18f4dd54,2025-05-02T18:15:17.755Z,2025-05-02T18:15:17.755Z,0
1f029ef4-7753-6726-a4c2-2a4c1600cc2c,dragonfly,lyra,1.0,,Joanne's Flashcards,,,,35327f2b-9205-440f-8e38-f6da18f4dd54,35327f2b-9205-440f-8e38-f6da18f4dd54,2025-05-02T18:15:17.755Z,2025-05-02T18:15:17.755Z,0
1f029ef4-7753-6789-93ca-840cdb47ab09,knee_hang_bottom_bar_single_-_one_hand,lyra,1.0,,Joanne's Flashcards,,,,35327f2b-9205-440f-8e38-f6da18f4dd54,35327f2b-9205-440f-8e38-f6da18f4dd54,2025-05-02T18:15:17.755Z,2025-05-02T18:15:17.755Z,0
1f029ef4-7753-6840-ac01-ef7be3eed2d5,amazon_split,lyra,1.0,,Joanne's Flashcards,,,,35327f2b-9205-440f-8e38-f6da18f4dd54,35327f2b-9205-440f-8e38-f6da18f4dd54,2025-05-02T18:15:17.755Z,2025-05-02T18:15:17.755Z,0
1f029ef4-7753-6906-b5bd-a0e95e7d447a,butt_shelf_straight_legs,lyra,1.0,,Joanne's Flashcards,,,,35327f2b-9205-440f-8e38-f6da18f4dd54,35327f2b-9205-440f-8e38-f6da18f4dd54,2025-05-02T18:15:17.755Z,2025-05-02T18:15:17.755Z,0
1f029ef4-7753-69c3-b732-6820d7a69037,hip_hang_flip_in,lyra,1.0,,Joanne's Flashcards,,,,35327f2b-9205-440f-8e38-f6da18f4dd54,35327f2b-9205-440f-8e38-f6da18f4dd54,2025-05-02T18:15:17.755Z,2025-05-02T18:15:17.755Z,0
1f029ef4-7753-6a4a-8334-9679459b67c4,inside_lion_arabesque,lyra,1.0,,Joanne's Flashcards,,,,35327f2b-9205-440f-8e38-f6da18f4dd54,35327f2b-9205-440f-8e38-f6da18f4dd54,2025-05-02T18:15:17.755Z,2025-05-02T18:15:17.755Z,0
1f029ef4-7753-6add-93c4-ec7fb8239d7d,stand_in_hoop_star_one_leg,lyra,1.0,,Joanne's Flashcards,,,,35327f2b-9205-440f-8e38-f6da18f4dd54,35327f2b-9205-440f-8e38-f6da18f4dd54,2025-05-02T18:15:17.755Z,2025-05-02T18:15:17.755Z,0
1f029ef4-7753-6b54-a640-a9d2e36d7031,mermaid_inside_split_legs,lyra,1.0,,Joanne's Flashcards,,,,35327f2b-9205-440f-8e38-f6da18f4dd54,35327f2b-9205-440f-8e38-f6da18f4dd54,2025-05-02T18:15:17.755Z,2025-05-02T18:15:17.755Z,0
1f029ef4-7753-6bb9-85da-3e75b8c38e4e,mermaid_inside,lyra,1.0,,Joanne's Flashcards,,,,35327f2b-9205-440f-8e38-f6da18f4dd54,35327f2b-9205-440f-8e38-f6da18f4dd54,2025-05-02T18:15:17.755Z,2025-05-02T18:15:17.755Z,0
1f029ef4-7753-6c16-bf7e-0090bec79e59,genie_dismount,lyra,1.0,,Joanne's Flashcards,,,,35327f2b-9205-440f-8e38-f6da18f4dd54,35327f2b-9205-440f-8e38-f6da18f4dd54,2025-05-02T18:15:17.755Z,2025-05-02T18:15:17.755Z,0
1f029ef4-7753-6c7a-98a2-e658d504314b,outside_lion,lyra,1.0,,Joanne's Flashcards,,,,35327f2b-9205-440f-8e38-f6da18f4dd54,35327f2b-9205-440f-8e38-f6da18f4dd54,2025-05-02T18:15:17.755Z,2025-05-02T18:15:17.755Z,0
1f029ef4-7753-6dde-b7c1-f458571e1e74,sitting_top_bar,lyra,1.0,,Joanne's Flashcards,,,,35327f2b-9205-440f-8e38-f6da18f4dd54,35327f2b-9205-440f-8e38-f6da18f4dd54,2025-05-02T18:15:17.755Z,2025-05-02T18:15:17.755Z,0
1f029ef4-7753-6e64-80b2-5bcae6402378,popsicle_-_straight_legs,lyra,1.0,,Joanne's Flashcards,,,,35327f2b-9205-440f-8e38-f6da18f4dd54,35327f2b-9205-440f-8e38-f6da18f4dd54,2025-05-02T18:15:17.755Z,2025-05-02T18:15:17.755Z,0
1f029ef4-7753-6edf-9549-7ff0c866736c,hip_hang_zipper,lyra,1.0,,Joanne's Flashcards,,,,35327f2b-9205-440f-8e38-f6da18f4dd54,35327f2b-9205-440f-8e38-f6da18f4dd54,2025-05-02T18:15:17.755Z,2025-05-02T18:15:17.755Z,0
1f029ef4-7753-6f40-a80a-8b392b0e7b2a,arabesque_from_seated,lyra,1.0,,Joanne's Flashcards,,,,35327f2b-9205-440f-8e38-f6da18f4dd54,35327f2b-9205-440f-8e38-f6da18f4dd54,2025-05-02T18:15:17.755Z,2025-05-02T18:15:17.755Z,0
1f029ef4-7753-6fb2-ab62-816207e47004,low_man_in_the_moon,lyra,1.0,,Joanne's Flashcards,,,,35327f2b-9205-440f-8e38-f6da18f4dd54,35327f2b-9205-440f-8e38-f6da18f4dd54,2025-05-02T18:15:17.755Z,2025-05-02T18:15:17.755Z,0
1f029ef4-7754-6010-b0ca-0aae6de0a21d,high_outside_mermaid,lyra,1.0,,Joanne's Flashcards,,,,35327f2b-9205-440f-8e38-f6da18f4dd54,35327f2b-9205-440f-8e38-f6da18f4dd54,2025-05-02T18:15:17.755Z,2025-05-02T18:15:17.755Z,0
1f029ef4-7754-606f-9b4e-72deeeffa7a8,around_the_world,lyra,1.0,,Joanne's Flashcards,,,,35327f2b-9205-440f-8e38-f6da18f4dd54,35327f2b-9205-440f-8e38-f6da18f4dd54,2025-05-02T18:15:17.755Z,2025-05-02T18:15:17.755Z,0
1f029ef4-7754-60d1-8960-2850a4e98f1d,tree_frog,lyra,1.0,,Joanne's Flashcards,,,,35327f2b-9205-440f-8e38-f6da18f4dd54,35327f2b-9205-440f-8e38-f6da18f4dd54,2025-05-02T18:15:17.755Z,2025-05-02T18:15:17.755Z,0
1f029ef4-7754-613c-9500-2f32373dbf05,half_angel_roll_low,lyra,1.0,,Joanne's Flashcards,,,,35327f2b-9205-440f-8e38-f6da18f4dd54,35327f2b-9205-440f-8e38-f6da18f4dd54,2025-05-02T18:15:17.755Z,2025-05-02T18:15:17.755Z,0
1f029ef4-7754-619f-99d1-452016ec69c2,outside_mermaid_arabesque,lyra,1.0,,Joanne's Flashcards,,,,35327f2b-9205-440f-8e38-f6da18f4dd54,35327f2b-9205-440f-8e38-f6da18f4dd54,2025-05-02T18:15:17.755Z,2025-05-02T18:15:17.755Z,0
1f029ef4-7754-61fd-9b10-7511c1ece29a,running_man,lyra,1.0,,Joanne's Flashcards,,,,35327f2b-9205-440f-8e38-f6da18f4dd54,35327f2b-9205-440f-8e38-f6da18f4dd54,2025-05-02T18:15:17.755Z,2025-05-02T18:15:17.755Z,0
1f029ef4-7754-625e-8dac-00415a219f29,knee_hang_double_bottom_bar,lyra,1.0,,Joanne's Flashcards,,,,35327f2b-9205-440f-8e38-f6da18f4dd54,35327f2b-9205-440f-8e38-f6da18f4dd54,2025-05-02T18:15:17.755Z,2025-05-02T18:15:17.755Z,0
1f029ef4-7754-62cd-9d67-69f2f34cd49d,popsicle_-_arch_&_bent_legs,lyra,1.0,,Joanne's Flashcards,,,,35327f2b-9205-440f-8e38-f6da18f4dd54,35327f2b-9205-440f-8e38-f6da18f4dd54,2025-05-02T18:15:17.755Z,2025-05-02T18:15:17.755Z,0
1f029ef4-7754-632a-a8a3-b6f95b622b13,half_angel_roll,lyra,1.0,,Joanne's Flashcards,,,,35327f2b-9205-440f-8e38-f6da18f4dd54,35327f2b-9205-440f-8e38-f6da18f4dd54,2025-05-02T18:15:17.755Z,2025-05-02T18:15:17.755Z,0
1f029ef4-7754-6385-9858-6eecca7095bf,fish,lyra,1.0,,Joanne's Flashcards,,,,35327f2b-9205-440f-8e38-f6da18f4dd54,35327f2b-9205-440f-8e38-f6da18f4dd54,2025-05-02T18:15:17.755Z,2025-05-02T18:15:17.755Z,0
1f029ef4-7754-63e1-80fa-6c5c758c18d2,outside_mermaid_crossed_legs,lyra,1.0,,Joanne's Flashcards,,,,35327f2b-9205-440f-8e38-f6da18f4dd54,35327f2b-9205-440f-8e38-f6da18f4dd54,2025-05-02T18:15:17.755Z,2025-05-02T18:15:17.755Z,0
1f029ef4-7754-643f-bb7c-b67e0e117a5d,ankle_cuddle,lyra,1.0,,Joanne's Flashcards,,,,35327f2b-9205-440f-8e38-f6da18f4dd54,35327f2b-9205-440f-8e38-f6da18f4dd54,2025-05-02T18:15:17.755Z,2025-05-02T18:15:17.755Z,0
1f029ef4-7754-6499-9e8b-c0b360632124,pike_bottom_bar,lyra,1.0,,Joanne's Flashcards,,,,35327f2b-9205-440f-8e38-f6da18f4dd54,35327f2b-9205-440f-8e38-f6da18f4dd54,2025-05-02T18:15:17.755Z,2025-05-02T18:15:17.755Z,0
1f029ef4-7754-64f2-9ae7-8fa464465d0d,gazelle_-_one_hand_knee,lyra,1.0,,Joanne's Flashcards,,,,35327f2b-9205-440f-8e38-f6da18f4dd54,35327f2b-9205-440f-8e38-f6da18f4dd54,2025-05-02T18:15:17.755Z,2025-05-02T18:15:17.755Z,0
1f029ef4-7754-654c-89f0-e3f7659eace9,mermaid_inside_flamenco_grip,lyra,1.0,,Joanne's Flashcards,,,,35327f2b-9205-440f-8e38-f6da18f4dd54,35327f2b-9205-440f-8e38-f6da18f4dd54,2025-05-02T18:15:17.755Z,2025-05-02T18:15:17.755Z,0
1f029ef4-7754-65aa-8146-a7caa55fc5af,superman_-_hands_on,lyra,1.0,,Joanne's Flashcards,,,,35327f2b-9205-440f-8e38-f6da18f4dd54,35327f2b-9205-440f-8e38-f6da18f4dd54,2025-05-02T18:15:17.755Z,2025-05-02T18:15:17.755Z,0
1f029ef4-7754-6617-8f39-a7a9646c036b,wine_glass,lyra,1.0,,Joanne's Flashcards,,,,35327f2b-9205-440f-8e38-f6da18f4dd54,35327f2b-9205-440f-8e38-f6da18f4dd54,2025-05-02T18:15:17.755Z,2025-05-02T18:15:17.755Z,0
1f029ef4-7754-6685-9ab6-c08f87b3ee13,knee_hang_top_bar_hands_low,lyra,1.0,,Joanne's Flashcards,,,,35327f2b-9205-440f-8e38-f6da18f4dd54,35327f2b-9205-440f-8e38-f6da18f4dd54,2025-05-02T18:15:17.755Z,2025-05-02T18:15:17.755Z,0
1f029ef4-7754-66e4-8246-c532b4706711,standing_arabesque_inside_leg,lyra,1.0,,Joanne's Flashcards,,,,35327f2b-9205-440f-8e38-f6da18f4dd54,35327f2b-9205-440f-8e38-f6da18f4dd54,2025-05-02T18:15:17.755Z,2025-05-02T18:15:17.755Z,0
1f029ef4-7754-673f-9c7c-484775d62481,outside_knee_hook_both_legs,lyra,1.0,,Joanne's Flashcards,,,,35327f2b-9205-440f-8e38-f6da18f4dd54,35327f2b-9205-440f-8e38-f6da18f4dd54,2025-05-02T18:15:17.755Z,2025-05-02T18:15:17.755Z,0
1f029ef4-7754-679a-83f6-1e7563e6d27f,standing_arabesque_outside_leg,lyra,1.0,,Joanne's Flashcards,,,,35327f2b-9205-440f-8e38-f6da18f4dd54,35327f2b-9205-440f-8e38-f6da18f4dd54,2025-05-02T18:15:17.755Z,2025-05-02T18:15:17.755Z,0
1f029ef4-7754-67f6-bc08-4b1d8aecdc0b,man_in_moon_low_legs_crossed,lyra,1.0,,Joanne's Flashcards,,,,35327f2b-9205-440f-8e38-f6da18f4dd54,35327f2b-9205-440f-8e38-f6da18f4dd54,2025-05-02T18:15:17.755Z,2025-05-02T18:15:17.755Z,0
1f029ef4-7754-68de-88d0-f81bcb43c951,bird’s_nest_bottom_bar,lyra,1.0,,Joanne's Flashcards,,,,35327f2b-9205-440f-8e38-f6da18f4dd54,35327f2b-9205-440f-8e38-f6da18f4dd54,2025-05-02T18:15:17.755Z,2025-05-02T18:15:17.755Z,0
1f029ef4-7754-6959-b6d3-493332b988ae,stand_outside_hoop,lyra,1.0,,Joanne's Flashcards,,,,35327f2b-9205-440f-8e38-f6da18f4dd54,35327f2b-9205-440f-8e38-f6da18f4dd54,2025-05-02T18:15:17.755Z,2025-05-02T18:15:17.755Z,0
1f029ef4-7754-69b8-9903-bd21aaeb6ed5,knee_hang_top_bar_back_press_away,lyra,1.0,,Joanne's Flashcards,,,,35327f2b-9205-440f-8e38-f6da18f4dd54,35327f2b-9205-440f-8e38-f6da18f4dd54,2025-05-02T18:15:17.755Z,2025-05-02T18:15:17.755Z,0
1f029ef4-7754-6a13-938c-b3f690a446a5,spider_under_bar,lyra,1.0,,Joanne's Flashcards,,,,35327f2b-9205-440f-8e38-f6da18f4dd54,35327f2b-9205-440f-8e38-f6da18f4dd54,2025-05-02T18:15:17.755Z,2025-05-02T18:15:17.755Z,0
1f029ef4-7754-6a6f-898f-6acf5c2c075a,lion_roll,lyra,1.0,,Joanne's Flashcards,,,,35327f2b-9205-440f-8e38-f6da18f4dd54,35327f2b-9205-440f-8e38-f6da18f4dd54,2025-05-02T18:15:17.755Z,2025-05-02T18:15:17.755Z,0
1f029ef4-7754-6ad8-8332-7a160d78d4c5,threaded_leg_exit,lyra,1.0,,Joanne's Flashcards,,,,35327f2b-9205-440f-8e38-f6da18f4dd54,35327f2b-9205-440f-8e38-f6da18f4dd54,2025-05-02T18:15:17.755Z,2025-05-02T18:15:17.755Z,0
1f029ef4-7754-6b36-9716-46920d760982,amazon_-_hands_on,lyra,1.0,,Joanne's Flashcards,,,,35327f2b-9205-440f-8e38-f6da18f4dd54,35327f2b-9205-440f-8e38-f6da18f4dd54,2025-05-02T18:15:17.755Z,2025-05-02T18:15:17.755Z,0
1f029ef4-7755-681a-92f9-ef1ab2a3349f,inverted_running_man_top_bar,lyra,2.0,,Joanne's Flashcards,,,,35327f2b-9205-440f-8e38-f6da18f4dd54,35327f2b-9205-440f-8e38-f6da18f4dd54,2025-05-02T18:15:17.755Z,2025-05-02T18:15:17.755Z,0
1f029ef4-7755-68a7-a599-82f8f91c63f8,half_crescent_moon,lyra,2.0,,Joanne's Flashcards,,,,35327f2b-9205-440f-8e38-f6da18f4dd54,35327f2b-9205-440f-8e38-f6da18f4dd54,2025-05-02T18:15:17.755Z,2025-05-02T18:15:17.755Z,0
1f029ef4-7755-690f-8262-2ff47cc27d8b,pretzel_single_arm_no_knee_hook,lyra,2.0,,Joanne's Flashcards,,,,35327f2b-9205-440f-8e38-f6da18f4dd54,35327f2b-9205-440f-8e38-f6da18f4dd54,2025-05-02T18:15:17.755Z,2025-05-02T18:15:17.755Z,0
1f029ef4-7755-6970-bb72-0e57a84c3adc,inverted_star_top_bar,lyra,2.0,,Joanne's Flashcards,,,,35327f2b-9205-440f-8e38-f6da18f4dd54,35327f2b-9205-440f-8e38-f6da18f4dd54,2025-05-02T18:15:17.755Z,2025-05-02T18:15:17.755Z,0
1f029ef4-7755-69cd-88d0-1bdfeda5f2ce,flying_saucer,lyra,2.0,,Joanne's Flashcards,,,,35327f2b-9205-440f-8e38-f6da18f4dd54,35327f2b-9205-440f-8e38-f6da18f4dd54,2025-05-02T18:15:17.755Z,2025-05-02T18:15:17.755Z,0
1f029ef4-7755-6a34-8ab3-dfcad950b548,bird’s_nest_top_bar,lyra,2.0,,Joanne's Flashcards,,,,35327f2b-9205-440f-8e38-f6da18f4dd54,35327f2b-9205-440f-8e38-f6da18f4dd54,2025-05-02T18:15:17.755Z,2025-05-02T18:15:17.755Z,0
1f029ef4-7755-6a9a-9057-426848fdfb82,unsupported_mermaid,lyra,2.0,,Joanne's Flashcards,,,,35327f2b-9205-440f-8e38-f6da18f4dd54,35327f2b-9205-440f-8e38-f6da18f4dd54,2025-05-02T18:15:17.755Z,2025-05-02T18:15:17.755Z,0
1f029ef4-7755-6af6-8e44-c549cf8ae876,chest_stand_pike,lyra,2.0,,Joanne's Flashcards,,,,35327f2b-9205-440f-8e38-f6da18f4dd54,35327f2b-9205-440f-8e38-f6da18f4dd54,2025-05-02T18:15:17.755Z,2025-05-02T18:15:17.755Z,0
1f029ef4-7755-6b63-8125-869a9c89463b,ankle_hang_top_bar_-_holding_on,lyra,2.0,,Joanne's Flashcards,,,,35327f2b-9205-440f-8e38-f6da18f4dd54,35327f2b-9205-440f-8e38-f6da18f4dd54,2025-05-02T18:15:17.755Z,2025-05-02T18:15:17.755Z,0
1f029ef4-7755-6bc0-972c-e577626fe36f,gazelle_twist_half_split,lyra,2.0,,Joanne's Flashcards,,,,35327f2b-9205-440f-8e38-f6da18f4dd54,35327f2b-9205-440f-8e38-f6da18f4dd54,2025-05-02T18:15:17.755Z,2025-05-02T18:15:17.755Z,0
1f029ef4-7755-6c1b-9019-2eaec5e9250c,butt_shelf_-_no_hands,lyra,2.0,,Joanne's Flashcards,,,,35327f2b-9205-440f-8e38-f6da18f4dd54,35327f2b-9205-440f-8e38-f6da18f4dd54,2025-05-02T18:15:17.755Z,2025-05-02T18:15:17.755Z,0
1f029ef4-7755-6c77-bc19-1c445d5b932d,running_man_cross_knee_release,lyra,2.0,,Joanne's Flashcards,,,,35327f2b-9205-440f-8e38-f6da18f4dd54,35327f2b-9205-440f-8e38-f6da18f4dd54,2025-05-02T18:15:17.755Z,2025-05-02T18:15:17.755Z,0
1f029ef4-7755-6cd8-b515-163fe00c8bd3,half_beauty_roll_-_from_high_outside_mermaid,lyra,2.0,,Joanne's Flashcards,,,,35327f2b-9205-440f-8e38-f6da18f4dd54,35327f2b-9205-440f-8e38-f6da18f4dd54,2025-05-02T18:15:17.755Z,2025-05-02T18:15:17.755Z,0
1f029ef4-7755-6d37-a423-ed3c826765b5,side_bar_inverted_secretary_sit,lyra,2.0,,Joanne's Flashcards,,,,35327f2b-9205-440f-8e38-f6da18f4dd54,35327f2b-9205-440f-8e38-f6da18f4dd54,2025-05-02T18:15:17.755Z,2025-05-02T18:15:17.755Z,0
1f029ef4-7755-6d94-9a74-50089e53f076,diving_bird,lyra,2.0,,Joanne's Flashcards,,,,35327f2b-9205-440f-8e38-f6da18f4dd54,35327f2b-9205-440f-8e38-f6da18f4dd54,2025-05-02T18:15:17.755Z,2025-05-02T18:15:17.755Z,0
1f029ef4-7755-6df0-9fd8-4de851d179ad,chest_stand_delilah,lyra,2.0,,Joanne's Flashcards,,,,35327f2b-9205-440f-8e38-f6da18f4dd54,35327f2b-9205-440f-8e38-f6da18f4dd54,2025-05-02T18:15:17.755Z,2025-05-02T18:15:17.755Z,0
1f029ef4-7755-6e49-9eb0-e37aa94f0a10,cuddle_slide,lyra,2.0,,Joanne's Flashcards,,,,35327f2b-9205-440f-8e38-f6da18f4dd54,35327f2b-9205-440f-8e38-f6da18f4dd54,2025-05-02T18:15:17.755Z,2025-05-02T18:15:17.755Z,0
1f029ef4-7755-6ea2-9205-2d01ecd140a2,circus_mermaid,lyra,2.0,,Joanne's Flashcards,,,,35327f2b-9205-440f-8e38-f6da18f4dd54,35327f2b-9205-440f-8e38-f6da18f4dd54,2025-05-02T18:15:17.755Z,2025-05-02T18:15:17.755Z,0
1f029ef4-7755-6f11-8951-cdc700199ac1,shoulder_stand_pike,lyra,2.0,,Joanne's Flashcards,,,,35327f2b-9205-440f-8e38-f6da18f4dd54,35327f2b-9205-440f-8e38-f6da18f4dd54,2025-05-02T18:15:17.755Z,2025-05-02T18:15:17.755Z,0
1f029ef4-7755-6f6d-9cea-f65bdc559b49,superman_-_no_hands,lyra,2.0,,Joanne's Flashcards,,,,35327f2b-9205-440f-8e38-f6da18f4dd54,35327f2b-9205-440f-8e38-f6da18f4dd54,2025-05-02T18:15:17.755Z,2025-05-02T18:15:17.755Z,0
1f029ef4-7755-6fc8-8c4f-1598f6cf5490,fallen_angel,lyra,2.0,,Joanne's Flashcards,,,,35327f2b-9205-440f-8e38-f6da18f4dd54,35327f2b-9205-440f-8e38-f6da18f4dd54,2025-05-02T18:15:17.755Z,2025-05-02T18:15:17.755Z,0
1f029ef4-7756-6022-85e0-296da69c27f2,inverted_star_hoop_flip,lyra,2.0,,Joanne's Flashcards,,,,35327f2b-9205-440f-8e38-f6da18f4dd54,35327f2b-9205-440f-8e38-f6da18f4dd54,2025-05-02T18:15:17.755Z,2025-05-02T18:15:17.755Z,0
1f029ef4-7756-607d-af67-fb486899b97d,split_leg_thru_window_reverse,lyra,2.0,,Joanne's Flashcards,,,,35327f2b-9205-440f-8e38-f6da18f4dd54,35327f2b-9205-440f-8e38-f6da18f4dd54,2025-05-02T18:15:17.755Z,2025-05-02T18:15:17.755Z,0
1f029ef4-7756-60de-bcb3-b807de7b023d,hip_hang_top_bar,lyra,2.0,,Joanne's Flashcards,,,,35327f2b-9205-440f-8e38-f6da18f4dd54,35327f2b-9205-440f-8e38-f6da18f4dd54,2025-05-02T18:15:17.755Z,2025-05-02T18:15:17.755Z,0
1f029ef4-7756-6147-a958-e57dfae422f0,leg_block_faint,lyra,2.0,,Joanne's Flashcards,,,,35327f2b-9205-440f-8e38-f6da18f4dd54,35327f2b-9205-440f-8e38-f6da18f4dd54,2025-05-02T18:15:17.755Z,2025-05-02T18:15:17.755Z,0
1f029ef4-7756-61a0-865e-2a6ea7490b11,pencil_bottom_bar_straddle_split,lyra,2.0,,Joanne's Flashcards,,,,35327f2b-9205-440f-8e38-f6da18f4dd54,35327f2b-9205-440f-8e38-f6da18f4dd54,2025-05-02T18:15:17.755Z,2025-05-02T18:15:17.755Z,0
1f029ef4-7756-61f3-bf8f-e6191ef3c54a,side_bar_thigh_hold,lyra,2.0,,Joanne's Flashcards,,,,35327f2b-9205-440f-8e38-f6da18f4dd54,35327f2b-9205-440f-8e38-f6da18f4dd54,2025-05-02T18:15:17.755Z,2025-05-02T18:15:17.755Z,0
1f029ef4-7756-6242-88e9-633266e25910,inverted_star_stag_legs,lyra,2.0,,Joanne's Flashcards,,,,35327f2b-9205-440f-8e38-f6da18f4dd54,35327f2b-9205-440f-8e38-f6da18f4dd54,2025-05-02T18:15:17.755Z,2025-05-02T18:15:17.755Z,0
1f029ef4-7756-629a-9b5c-d55c921ad4f1,inside_lion_slide,lyra,2.0,,Joanne's Flashcards,,,,35327f2b-9205-440f-8e38-f6da18f4dd54,35327f2b-9205-440f-8e38-f6da18f4dd54,2025-05-02T18:15:17.755Z,2025-05-02T18:15:17.755Z,0
1f029ef4-7756-62e9-a418-43b3d79b583b,flag,lyra,2.0,,Joanne's Flashcards,,,,35327f2b-9205-440f-8e38-f6da18f4dd54,35327f2b-9205-440f-8e38-f6da18f4dd54,2025-05-02T18:15:17.755Z,2025-05-02T18:15:17.755Z,0
1f029ef4-7756-633e-a66d-b6cf5ca9796c,half_back_balance,lyra,2.0,,Joanne's Flashcards,,,,35327f2b-9205-440f-8e38-f6da18f4dd54,35327f2b-9205-440f-8e38-f6da18f4dd54,2025-05-02T18:15:17.755Z,2025-05-02T18:15:17.755Z,0
1f029ef4-7756-639c-982d-84464cf83da6,straddle_back_drop,lyra,2.0,,Joanne's Flashcards,,,,35327f2b-9205-440f-8e38-f6da18f4dd54,35327f2b-9205-440f-8e38-f6da18f4dd54,2025-05-02T18:15:17.755Z,2025-05-02T18:15:17.755Z,0
1f029ef4-7756-63ed-9b08-af0b8a396a78,gazelle_french_stag_legs,lyra,2.0,,Joanne's Flashcards,,,,35327f2b-9205-440f-8e38-f6da18f4dd54,35327f2b-9205-440f-8e38-f6da18f4dd54,2025-05-02T18:15:17.755Z,2025-05-02T18:15:17.755Z,0
1f029ef4-7756-643e-b400-e03685f39a37,shoulder_stand_arrow,lyra,2.0,,Joanne's Flashcards,,,,35327f2b-9205-440f-8e38-f6da18f4dd54,35327f2b-9205-440f-8e38-f6da18f4dd54,2025-05-02T18:15:17.755Z,2025-05-02T18:15:17.755Z,0
1f029ef4-7756-648c-9153-b704f3fb940a,amazon_top_hand_off,lyra,2.0,,Joanne's Flashcards,,,,35327f2b-9205-440f-8e38-f6da18f4dd54,35327f2b-9205-440f-8e38-f6da18f4dd54,2025-05-02T18:15:17.755Z,2025-05-02T18:15:17.755Z,0
1f029ef4-7756-64df-ae18-7486bfb56cb5,half_beauty_roll_-_from_inside_lion,lyra,2.0,,Joanne's Flashcards,,,,35327f2b-9205-440f-8e38-f6da18f4dd54,35327f2b-9205-440f-8e38-f6da18f4dd54,2025-05-02T18:15:17.755Z,2025-05-02T18:15:17.755Z,0
1f029ef4-7756-652d-8e3b-c4efb8c18df0,hip_hang_scorpion,lyra,2.0,,Joanne's Flashcards,,,,35327f2b-9205-440f-8e38-f6da18f4dd54,35327f2b-9205-440f-8e38-f6da18f4dd54,2025-05-02T18:15:17.755Z,2025-05-02T18:15:17.755Z,0
1f029ef4-7756-657b-8cac-f30ac32d08bb,pretzel_hang_low_bar_one_hand,lyra,2.0,,Joanne's Flashcards,,,,35327f2b-9205-440f-8e38-f6da18f4dd54,35327f2b-9205-440f-8e38-f6da18f4dd54,2025-05-02T18:15:17.755Z,2025-05-02T18:15:17.755Z,0
1f029ef4-7756-65d4-8ba0-0e95832b461c,cannon_ball,lyra,2.0,,Joanne's Flashcards,,,,35327f2b-9205-440f-8e38-f6da18f4dd54,35327f2b-9205-440f-8e38-f6da18f4dd54,2025-05-02T18:15:17.755Z,2025-05-02T18:15:17.755Z,0
1f029ef4-7756-6623-a73d-7029bcdf1697,pencil_top_bar_stag_legs,lyra,2.0,,Joanne's Flashcards,,,,35327f2b-9205-440f-8e38-f6da18f4dd54,35327f2b-9205-440f-8e38-f6da18f4dd54,2025-05-02T18:15:17.755Z,2025-05-02T18:15:17.755Z,0
1f029ef4-7756-6673-8c3f-da1328649a4e,figure_four_foot_block_under_bar,lyra,2.0,,Joanne's Flashcards,,,,35327f2b-9205-440f-8e38-f6da18f4dd54,35327f2b-9205-440f-8e38-f6da18f4dd54,2025-05-02T18:15:17.755Z,2025-05-02T18:15:17.755Z,0
1f029ef4-7756-66c3-9247-cdc472d0ba93,knee_hang_double_top_bar_-_no_hands,lyra,2.0,,Joanne's Flashcards,,,,35327f2b-9205-440f-8e38-f6da18f4dd54,35327f2b-9205-440f-8e38-f6da18f4dd54,2025-05-02T18:15:17.755Z,2025-05-02T18:15:17.755Z,0
1f029ef4-7756-6714-b725-c7f5b68e17ef,pencil_top_bar_side_star,lyra,2.0,,Joanne's Flashcards,,,,35327f2b-9205-440f-8e38-f6da18f4dd54,35327f2b-9205-440f-8e38-f6da18f4dd54,2025-05-02T18:15:17.755Z,2025-05-02T18:15:17.755Z,0
1f029ef4-7756-6762-873f-77a26018e4fb,hh_foot_block_-_both_legs,lyra,2.0,,Joanne's Flashcards,,,,35327f2b-9205-440f-8e38-f6da18f4dd54,35327f2b-9205-440f-8e38-f6da18f4dd54,2025-05-02T18:15:17.755Z,2025-05-02T18:15:17.755Z,0
1f029ef4-7756-67b0-bfc8-62be72495f02,pretzel_hang_low_bar_hands_on,lyra,2.0,,Joanne's Flashcards,,,,35327f2b-9205-440f-8e38-f6da18f4dd54,35327f2b-9205-440f-8e38-f6da18f4dd54,2025-05-02T18:15:17.755Z,2025-05-02T18:15:17.755Z,0
1f029ef4-7756-67ff-9841-b9752ed95a01,outside_lion_top_bar,lyra,2.0,,Joanne's Flashcards,,,,35327f2b-9205-440f-8e38-f6da18f4dd54,35327f2b-9205-440f-8e38-f6da18f4dd54,2025-05-02T18:15:17.755Z,2025-05-02T18:15:17.755Z,0
1f029ef4-7756-684d-9b87-a4da66fb6002,pencil_top_bar_pike,lyra,2.0,,Joanne's Flashcards,,,,35327f2b-9205-440f-8e38-f6da18f4dd54,35327f2b-9205-440f-8e38-f6da18f4dd54,2025-05-02T18:15:17.755Z,2025-05-02T18:15:17.755Z,0
1f029ef4-7756-68a0-b23e-20829bb16e8f,scorpion_-_knee_hang_outside_top_bar,lyra,2.0,,Joanne's Flashcards,,,,35327f2b-9205-440f-8e38-f6da18f4dd54,35327f2b-9205-440f-8e38-f6da18f4dd54,2025-05-02T18:15:17.755Z,2025-05-02T18:15:17.755Z,0
1f029ef4-7756-68f9-b8c3-603af27ab9bc,stag_drop,lyra,2.0,,Joanne's Flashcards,,,,35327f2b-9205-440f-8e38-f6da18f4dd54,35327f2b-9205-440f-8e38-f6da18f4dd54,2025-05-02T18:15:17.755Z,2025-05-02T18:15:17.755Z,0
1f029ef4-7756-6948-a608-80cfcba0c4e3,chest_stand_arrow,lyra,2.0,,Joanne's Flashcards,,,,35327f2b-9205-440f-8e38-f6da18f4dd54,35327f2b-9205-440f-8e38-f6da18f4dd54,2025-05-02T18:15:17.755Z,2025-05-02T18:15:17.755Z,0
1f029ef4-7756-6996-800b-cbf74df82ff3,pencil_top_bar_scorpion,lyra,2.0,,Joanne's Flashcards,,,,35327f2b-9205-440f-8e38-f6da18f4dd54,35327f2b-9205-440f-8e38-f6da18f4dd54,2025-05-02T18:15:17.755Z,2025-05-02T18:15:17.755Z,0
1f029ef4-7756-69e8-9668-44edce4e2777,man_in_moon_invert,lyra,2.0,,Joanne's Flashcards,,,,35327f2b-9205-440f-8e38-f6da18f4dd54,35327f2b-9205-440f-8e38-f6da18f4dd54,2025-05-02T18:15:17.755Z,2025-05-02T18:15:17.755Z,0
1f029ef4-7756-6a38-98c7-975f8e33183d,candlestick_reverse_from_stag,lyra,2.0,,Joanne's Flashcards,,,,35327f2b-9205-440f-8e38-f6da18f4dd54,35327f2b-9205-440f-8e38-f6da18f4dd54,2025-05-02T18:15:17.755Z,2025-05-02T18:15:17.755Z,0
1f029ef4-7756-6a85-9d42-b95e41cdb75b,outside_lion_slide,lyra,2.0,,Joanne's Flashcards,,,,35327f2b-9205-440f-8e38-f6da18f4dd54,35327f2b-9205-440f-8e38-f6da18f4dd54,2025-05-02T18:15:17.755Z,2025-05-02T18:15:17.755Z,0
1f029ef4-7756-6ad3-8301-9f7fa7123f70,straddle_back_bottom_bar,lyra,2.0,,Joanne's Flashcards,,,,35327f2b-9205-440f-8e38-f6da18f4dd54,35327f2b-9205-440f-8e38-f6da18f4dd54,2025-05-02T18:15:17.755Z,2025-05-02T18:15:17.755Z,0
1f029ef4-7756-6b22-961d-84b62c970fd0,delilah_foot_press_away,lyra,2.0,,Joanne's Flashcards,,,,35327f2b-9205-440f-8e38-f6da18f4dd54,35327f2b-9205-440f-8e38-f6da18f4dd54,2025-05-02T18:15:17.755Z,2025-05-02T18:15:17.755Z,0
1f029ef4-7756-6b6f-9d9e-bfbb3ec0e2f8,inverted_hoop_flip_bent_legs,lyra,2.0,,Joanne's Flashcards,,,,35327f2b-9205-440f-8e38-f6da18f4dd54,35327f2b-9205-440f-8e38-f6da18f4dd54,2025-05-02T18:15:17.755Z,2025-05-02T18:15:17.755Z,0
1f029ef4-7756-6bbe-9b4d-e316e6a6eb22,pencil_top_bar_front_split,lyra,2.0,,Joanne's Flashcards,,,,35327f2b-9205-440f-8e38-f6da18f4dd54,35327f2b-9205-440f-8e38-f6da18f4dd54,2025-05-02T18:15:17.755Z,2025-05-02T18:15:17.755Z,0
1f029ef4-7756-6c17-822d-64028d72e2be,skin_the_cat_bottom_bar,lyra,2.0,,Joanne's Flashcards,,,,35327f2b-9205-440f-8e38-f6da18f4dd54,35327f2b-9205-440f-8e38-f6da18f4dd54,2025-05-02T18:15:17.755Z,2025-05-02T18:15:17.755Z,0
1f029ef4-7756-6c6a-99c4-128b323820cc,flamenco_grip_inside_mermaid_knee_hook,lyra,2.0,,Joanne's Flashcards,,,,35327f2b-9205-440f-8e38-f6da18f4dd54,35327f2b-9205-440f-8e38-f6da18f4dd54,2025-05-02T18:15:17.755Z,2025-05-02T18:15:17.755Z,0
1f029ef4-7756-6cb8-981e-389827947f4e,sacrum_balance_invert_top_bar,lyra,2.0,,Joanne's Flashcards,,,,35327f2b-9205-440f-8e38-f6da18f4dd54,35327f2b-9205-440f-8e38-f6da18f4dd54,2025-05-02T18:15:17.755Z,2025-05-02T18:15:17.755Z,0
1f029ef4-7756-6d06-be56-ca9c3dd1240c,faux_butt_shelf,lyra,2.0,,Joanne's Flashcards,,,,35327f2b-9205-440f-8e38-f6da18f4dd54,35327f2b-9205-440f-8e38-f6da18f4dd54,2025-05-02T18:15:17.755Z,2025-05-02T18:15:17.755Z,0
1f029ef4-7756-6d55-bfde-114e79eb57cb,gazelle_allegra_straight_leg,lyra,2.0,,Joanne's Flashcards,,,,35327f2b-9205-440f-8e38-f6da18f4dd54,35327f2b-9205-440f-8e38-f6da18f4dd54,2025-05-02T18:15:17.755Z,2025-05-02T18:15:17.755Z,0
1f029ef4-7756-6da3-92ab-e68ef0c499cc,pencil_top_bar_tick_tocks,lyra,2.0,,Joanne's Flashcards,,,,35327f2b-9205-440f-8e38-f6da18f4dd54,35327f2b-9205-440f-8e38-f6da18f4dd54,2025-05-02T18:15:17.755Z,2025-05-02T18:15:17.755Z,0
1f029ef4-7756-6df5-b9ad-6d1047b20f2c,gazelle_french,lyra,2.0,,Joanne's Flashcards,,,,35327f2b-9205-440f-8e38-f6da18f4dd54,35327f2b-9205-440f-8e38-f6da18f4dd54,2025-05-02T18:15:17.755Z,2025-05-02T18:15:17.755Z,0
1f029ef4-7756-6e50-88de-d871efdb107a,pencil_top_bar_straddle_split,lyra,2.0,,Joanne's Flashcards,,,,35327f2b-9205-440f-8e38-f6da18f4dd54,35327f2b-9205-440f-8e38-f6da18f4dd54,2025-05-02T18:15:17.755Z,2025-05-02T18:15:17.755Z,0
1f029ef4-7756-6ea0-b014-85ae61d81913,delilah_hand_press_away,lyra,2.0,,Joanne's Flashcards,,,,35327f2b-9205-440f-8e38-f6da18f4dd54,35327f2b-9205-440f-8e38-f6da18f4dd54,2025-05-02T18:15:17.755Z,2025-05-02T18:15:17.755Z,0
1f029ef4-7756-6ef6-925e-0a8bbca25d78,bird’s_nest_bottom_bar_one_leg,lyra,2.0,,Joanne's Flashcards,,,,35327f2b-9205-440f-8e38-f6da18f4dd54,35327f2b-9205-440f-8e38-f6da18f4dd54,2025-05-02T18:15:17.755Z,2025-05-02T18:15:17.755Z,0
1f029ef4-7756-6f5a-aca4-2ee230e5d4fb,pencil_bottom_bar_pike,lyra,2.0,,Joanne's Flashcards,,,,35327f2b-9205-440f-8e38-f6da18f4dd54,35327f2b-9205-440f-8e38-f6da18f4dd54,2025-05-02T18:15:17.755Z,2025-05-02T18:15:17.755Z,0
1f029ef4-7756-6fa9-989f-085065993853,pike_drop,lyra,2.0,,Joanne's Flashcards,,,,35327f2b-9205-440f-8e38-f6da18f4dd54,35327f2b-9205-440f-8e38-f6da18f4dd54,2025-05-02T18:15:17.755Z,2025-05-02T18:15:17.755Z,0
1f029ef4-7756-6ff9-bc5e-f7ec4f182ad9,split_leg_thru_window,lyra,2.0,,Joanne's Flashcards,,,,35327f2b-9205-440f-8e38-f6da18f4dd54,35327f2b-9205-440f-8e38-f6da18f4dd54,2025-05-02T18:15:17.755Z,2025-05-02T18:15:17.755Z,0
1f029ef4-7757-604a-982f-636e51afa47f,pencil_bottom_bar_scorpion,lyra,2.0,,Joanne's Flashcards,,,,35327f2b-9205-440f-8e38-f6da18f4dd54,35327f2b-9205-440f-8e38-f6da18f4dd54,2025-05-02T18:15:17.755Z,2025-05-02T18:15:17.755Z,0
1f029ef4-7757-6099-bac7-2d420e496f75,gazelle_allegra_bent_leg,lyra,2.0,,Joanne's Flashcards,,,,35327f2b-9205-440f-8e38-f6da18f4dd54,35327f2b-9205-440f-8e38-f6da18f4dd54,2025-05-02T18:15:17.755Z,2025-05-02T18:15:17.755Z,0
1f029ef4-7757-60e6-a8c9-255f10f86e97,martini,lyra,2.0,,Joanne's Flashcards,,,,35327f2b-9205-440f-8e38-f6da18f4dd54,35327f2b-9205-440f-8e38-f6da18f4dd54,2025-05-02T18:15:17.755Z,2025-05-02T18:15:17.755Z,0
1f029ef4-7757-6134-8448-62b640433e7d,jamilla,lyra,2.0,,Joanne's Flashcards,,,,35327f2b-9205-440f-8e38-f6da18f4dd54,35327f2b-9205-440f-8e38-f6da18f4dd54,2025-05-02T18:15:17.755Z,2025-05-02T18:15:17.755Z,0
1f029ef4-7757-6183-b6a6-cdf0bbc0b5c5,threaded_leg_elbow_hook,lyra,2.0,,Joanne's Flashcards,,,,35327f2b-9205-440f-8e38-f6da18f4dd54,35327f2b-9205-440f-8e38-f6da18f4dd54,2025-05-02T18:15:17.755Z,2025-05-02T18:15:17.755Z,0
1f029ef4-7757-61d1-ac6c-8aad287981d2,martini_top_bar,lyra,2.0,,Joanne's Flashcards,,,,35327f2b-9205-440f-8e38-f6da18f4dd54,35327f2b-9205-440f-8e38-f6da18f4dd54,2025-05-02T18:15:17.755Z,2025-05-02T18:15:17.755Z,0
1f029ef4-7757-621f-beed-cb2e1dd0b951,arm_pit_block_top_bar,lyra,2.0,,Joanne's Flashcards,,,,35327f2b-9205-440f-8e38-f6da18f4dd54,35327f2b-9205-440f-8e38-f6da18f4dd54,2025-05-02T18:15:17.755Z,2025-05-02T18:15:17.755Z,0
1f029ef4-7757-6277-ad34-5d04d491c686,cuddle_top_bar,lyra,2.0,,Joanne's Flashcards,,,,35327f2b-9205-440f-8e38-f6da18f4dd54,35327f2b-9205-440f-8e38-f6da18f4dd54,2025-05-02T18:15:17.755Z,2025-05-02T18:15:17.755Z,0
1f029ef4-7757-62c6-b312-297a9e8ef403,twisted_pike,lyra,2.0,,Joanne's Flashcards,,,,35327f2b-9205-440f-8e38-f6da18f4dd54,35327f2b-9205-440f-8e38-f6da18f4dd54,2025-05-02T18:15:17.755Z,2025-05-02T18:15:17.755Z,0
1f029ef4-7757-6314-b5ff-e15bae3be278,chest_stand_pencil,lyra,2.0,,Joanne's Flashcards,,,,35327f2b-9205-440f-8e38-f6da18f4dd54,35327f2b-9205-440f-8e38-f6da18f4dd54,2025-05-02T18:15:17.755Z,2025-05-02T18:15:17.755Z,0
1f029ef4-7757-6361-8936-478c88072eca,side_star_top_bar,lyra,2.0,,Joanne's Flashcards,,,,35327f2b-9205-440f-8e38-f6da18f4dd54,35327f2b-9205-440f-8e38-f6da18f4dd54,2025-05-02T18:15:17.755Z,2025-05-02T18:15:17.755Z,0
1f029ef4-7757-63b1-bb4b-af0f317ca361,man_in_the_moon_press_away,lyra,2.0,,Joanne's Flashcards,,,,35327f2b-9205-440f-8e38-f6da18f4dd54,35327f2b-9205-440f-8e38-f6da18f4dd54,2025-05-02T18:15:17.755Z,2025-05-02T18:15:17.755Z,0
1f029ef4-7757-63fe-93b6-560a7fca4897,back_balance_-_hands_on,lyra,2.0,,Joanne's Flashcards,,,,35327f2b-9205-440f-8e38-f6da18f4dd54,35327f2b-9205-440f-8e38-f6da18f4dd54,2025-05-02T18:15:17.755Z,2025-05-02T18:15:17.755Z,0
1f029ef4-7757-644e-8329-0395143d34b0,butt_shelf_-_legs_straight_above_no_hands,lyra,2.0,,Joanne's Flashcards,,,,35327f2b-9205-440f-8e38-f6da18f4dd54,35327f2b-9205-440f-8e38-f6da18f4dd54,2025-05-02T18:15:17.755Z,2025-05-02T18:15:17.755Z,0
1f029ef4-7757-649b-97b5-63f9c59b0e18,shoulder_stand_delilah,lyra,2.0,,Joanne's Flashcards,,,,35327f2b-9205-440f-8e38-f6da18f4dd54,35327f2b-9205-440f-8e38-f6da18f4dd54,2025-05-02T18:15:17.755Z,2025-05-02T18:15:17.755Z,0
1f029ef4-7757-64e6-98af-c9b068ea7958,delilah_sideways_top_bar,lyra,2.0,,Joanne's Flashcards,,,,35327f2b-9205-440f-8e38-f6da18f4dd54,35327f2b-9205-440f-8e38-f6da18f4dd54,2025-05-02T18:15:17.755Z,2025-05-02T18:15:17.755Z,0
1f029ef4-7757-6534-9f38-b97b40c9c6ed,twisted_v,lyra,2.0,,Joanne's Flashcards,,,,35327f2b-9205-440f-8e38-f6da18f4dd54,35327f2b-9205-440f-8e38-f6da18f4dd54,2025-05-02T18:15:17.755Z,2025-05-02T18:15:17.755Z,0
1f029ef4-7757-658b-81b4-cff23b8fae98,gazelle_no_hands,lyra,2.0,,Joanne's Flashcards,,,,35327f2b-9205-440f-8e38-f6da18f4dd54,35327f2b-9205-440f-8e38-f6da18f4dd54,2025-05-02T18:15:17.755Z,2025-05-02T18:15:17.755Z,0
1f029ef4-7757-65d8-a80b-6a1202a4b8e7,pencil_bottom_bar_stag_legs,lyra,2.0,,Joanne's Flashcards,,,,35327f2b-9205-440f-8e38-f6da18f4dd54,35327f2b-9205-440f-8e38-f6da18f4dd54,2025-05-02T18:15:17.755Z,2025-05-02T18:15:17.755Z,0
1f029ef4-7757-6627-aaf7-304011c622c7,gazelle_twist_split_full,lyra,2.0,,Joanne's Flashcards,,,,35327f2b-9205-440f-8e38-f6da18f4dd54,35327f2b-9205-440f-8e38-f6da18f4dd54,2025-05-02T18:15:17.755Z,2025-05-02T18:15:17.755Z,0
1f029ef4-7757-6673-8410-ac7bd8814a39,half_popsicle_roll,lyra,2.0,,Joanne's Flashcards,,,,35327f2b-9205-440f-8e38-f6da18f4dd54,35327f2b-9205-440f-8e38-f6da18f4dd54,2025-05-02T18:15:17.755Z,2025-05-02T18:15:17.755Z,0
1f029ef4-7757-66c0-ad01-475584d832c9,crossed_leg_sit_top_bar,lyra,2.0,,Joanne's Flashcards,,,,35327f2b-9205-440f-8e38-f6da18f4dd54,35327f2b-9205-440f-8e38-f6da18f4dd54,2025-05-02T18:15:17.755Z,2025-05-02T18:15:17.755Z,0
1f029ef4-7757-670f-8dfa-4cf7adf3e872,inside_lion_top_bar,lyra,2.0,,Joanne's Flashcards,,,,35327f2b-9205-440f-8e38-f6da18f4dd54,35327f2b-9205-440f-8e38-f6da18f4dd54,2025-05-02T18:15:17.755Z,2025-05-02T18:15:17.755Z,0
1f029ef4-7757-6765-b473-b1c33b62fae4,bird’s_nest_top_bar_single_leg,lyra,2.0,,Joanne's Flashcards,,,,35327f2b-9205-440f-8e38-f6da18f4dd54,35327f2b-9205-440f-8e38-f6da18f4dd54,2025-05-02T18:15:17.755Z,2025-05-02T18:15:17.755Z,0
1f029ef4-7757-67b8-9c75-2b13719d3465,stag_from_wine_glass,lyra,2.0,,Joanne's Flashcards,,,,35327f2b-9205-440f-8e38-f6da18f4dd54,35327f2b-9205-440f-8e38-f6da18f4dd54,2025-05-02T18:15:17.755Z,2025-05-02T18:15:17.755Z,0
1f029ef4-7757-6806-beed-d0a56ccfb0fd,pencil_bottom_bar,lyra,2.0,,Joanne's Flashcards,,,,35327f2b-9205-440f-8e38-f6da18f4dd54,35327f2b-9205-440f-8e38-f6da18f4dd54,2025-05-02T18:15:17.755Z,2025-05-02T18:15:17.755Z,0
1f029ef4-7757-6855-a5cb-eb13b6f5ce41,hip_hang_inverted_flamingo,lyra,2.0,,Joanne's Flashcards,,,,35327f2b-9205-440f-8e38-f6da18f4dd54,35327f2b-9205-440f-8e38-f6da18f4dd54,2025-05-02T18:15:17.755Z,2025-05-02T18:15:17.755Z,0
1f029ef4-7757-68b2-bb47-e3a65f646f05,shoulder_stand_double_knee_hang,lyra,2.0,,Joanne's Flashcards,,,,35327f2b-9205-440f-8e38-f6da18f4dd54,35327f2b-9205-440f-8e38-f6da18f4dd54,2025-05-02T18:15:17.755Z,2025-05-02T18:15:17.755Z,0
1f029ef4-7757-6904-89b9-96d933f7ba72,butt_shelf_-_one_leg_straight_other_bent_behind,lyra,2.0,,Joanne's Flashcards,,,,35327f2b-9205-440f-8e38-f6da18f4dd54,35327f2b-9205-440f-8e38-f6da18f4dd54,2025-05-02T18:15:17.755Z,2025-05-02T18:15:17.755Z,0
1f029ef4-7757-6951-9f42-45ef0bc486e3,profile_plank_elbow_hook,lyra,2.0,,Joanne's Flashcards,,,,35327f2b-9205-440f-8e38-f6da18f4dd54,35327f2b-9205-440f-8e38-f6da18f4dd54,2025-05-02T18:15:17.755Z,2025-05-02T18:15:17.755Z,0
1f029ef4-7757-69a0-92d5-42c7c71da95d,gazelle_front_split,lyra,2.0,,Joanne's Flashcards,,,,35327f2b-9205-440f-8e38-f6da18f4dd54,35327f2b-9205-440f-8e38-f6da18f4dd54,2025-05-02T18:15:17.755Z,2025-05-02T18:15:17.755Z,0
1f029ef4-7757-69ec-80cb-c26b452f7c54,hock_hang,lyra,2.0,,Joanne's Flashcards,,,,35327f2b-9205-440f-8e38-f6da18f4dd54,35327f2b-9205-440f-8e38-f6da18f4dd54,2025-05-02T18:15:17.755Z,2025-05-02T18:15:17.755Z,0
1f029ef4-7757-6a3a-9974-66844d03f0b9,pencil_top_bar,lyra,2.0,,Joanne's Flashcards,,,,35327f2b-9205-440f-8e38-f6da18f4dd54,35327f2b-9205-440f-8e38-f6da18f4dd54,2025-05-02T18:15:17.755Z,2025-05-02T18:15:17.755Z,0
1f029ef4-7757-6a89-be6e-3c0b87fbde13,elbow_hook_single_inside_knee_hook_single,lyra,2.0,,Joanne's Flashcards,,,,35327f2b-9205-440f-8e38-f6da18f4dd54,35327f2b-9205-440f-8e38-f6da18f4dd54,2025-05-02T18:15:17.755Z,2025-05-02T18:15:17.755Z,0
1f029ef4-7757-6f22-86ca-25ab446366e5,elbow_hook_double_bottom_bar,lyra,3.0,,Joanne's Flashcards,,,,35327f2b-9205-440f-8e38-f6da18f4dd54,35327f2b-9205-440f-8e38-f6da18f4dd54,2025-05-02T18:15:17.755Z,2025-05-02T18:15:17.755Z,0
1f029ef4-7757-6f8e-85da-2cb19eb94f29,back_balance_-_no_hands,lyra,3.0,,Joanne's Flashcards,,,,35327f2b-9205-440f-8e38-f6da18f4dd54,35327f2b-9205-440f-8e38-f6da18f4dd54,2025-05-02T18:15:17.755Z,2025-05-02T18:15:17.755Z,0
1f029ef4-7757-6fe4-95bd-33bae501bfe9,single_knee_hook_-_no_hands,lyra,3.0,,Joanne's Flashcards,,,,35327f2b-9205-440f-8e38-f6da18f4dd54,35327f2b-9205-440f-8e38-f6da18f4dd54,2025-05-02T18:15:17.755Z,2025-05-02T18:15:17.755Z,0
1f029ef4-7758-6044-a9e0-62153051f11a,straddle_back_inside_outside_top_bar,lyra,3.0,,Joanne's Flashcards,,,,35327f2b-9205-440f-8e38-f6da18f4dd54,35327f2b-9205-440f-8e38-f6da18f4dd54,2025-05-02T18:15:17.755Z,2025-05-02T18:15:17.755Z,0
1f029ef4-7758-6097-b406-351e8f59720c,elbow_hook_double_top_bar,lyra,3.0,,Joanne's Flashcards,,,,35327f2b-9205-440f-8e38-f6da18f4dd54,35327f2b-9205-440f-8e38-f6da18f4dd54,2025-05-02T18:15:17.755Z,2025-05-02T18:15:17.755Z,0
1f029ef4-7758-60ea-99bd-6c0291dce1f7,single_arm_hang,lyra,3.0,,Joanne's Flashcards,,,,35327f2b-9205-440f-8e38-f6da18f4dd54,35327f2b-9205-440f-8e38-f6da18f4dd54,2025-05-02T18:15:17.755Z,2025-05-02T18:15:17.755Z,0
1f029ef4-7758-613d-a72a-628aa6824158,seated_forward_roll_-_legs_straight,lyra,3.0,,Joanne's Flashcards,,,,35327f2b-9205-440f-8e38-f6da18f4dd54,35327f2b-9205-440f-8e38-f6da18f4dd54,2025-05-02T18:15:17.755Z,2025-05-02T18:15:17.755Z,0
1f029ef4-7758-618e-b8ff-0f3d0741b315,seated_forward_roll_-_legs_bent,lyra,3.0,,Joanne's Flashcards,,,,35327f2b-9205-440f-8e38-f6da18f4dd54,35327f2b-9205-440f-8e38-f6da18f4dd54,2025-05-02T18:15:17.755Z,2025-05-02T18:15:17.755Z,0
1f029ef4-7758-61df-8779-b6c3cb43dcc8,half_back_balance_-_no_hands,lyra,3.0,,Joanne's Flashcards,,,,35327f2b-9205-440f-8e38-f6da18f4dd54,35327f2b-9205-440f-8e38-f6da18f4dd54,2025-05-02T18:15:17.755Z,2025-05-02T18:15:17.755Z,0
1f029ef4-7758-6235-8127-53714aa7408a,skin_the_cat_top_bar,lyra,3.0,,Joanne's Flashcards,,,,35327f2b-9205-440f-8e38-f6da18f4dd54,35327f2b-9205-440f-8e38-f6da18f4dd54,2025-05-02T18:15:17.755Z,2025-05-02T18:15:17.755Z,0
1f029ef4-7758-6286-9b2b-4cefff3df43f,single_knee_hook_front_press_away,lyra,3.0,,Joanne's Flashcards,,,,35327f2b-9205-440f-8e38-f6da18f4dd54,35327f2b-9205-440f-8e38-f6da18f4dd54,2025-05-02T18:15:17.755Z,2025-05-02T18:15:17.755Z,0
1f029ef4-7758-62d7-8bca-f309242ea02c,russian_roll,lyra,3.0,,Joanne's Flashcards,,,,35327f2b-9205-440f-8e38-f6da18f4dd54,35327f2b-9205-440f-8e38-f6da18f4dd54,2025-05-02T18:15:17.755Z,2025-05-02T18:15:17.755Z,0
1f029ef4-7758-6327-aca8-33ea6eb35829,pretzel_hang_low_bar_no_hands,lyra,3.0,,Joanne's Flashcards,,,,35327f2b-9205-440f-8e38-f6da18f4dd54,35327f2b-9205-440f-8e38-f6da18f4dd54,2025-05-02T18:15:17.755Z,2025-05-02T18:15:17.755Z,0
1f029ef4-7758-6399-a5ee-20517860d112,cuddle_roll,lyra,3.0,,Joanne's Flashcards,,,,35327f2b-9205-440f-8e38-f6da18f4dd54,35327f2b-9205-440f-8e38-f6da18f4dd54,2025-05-02T18:15:17.755Z,2025-05-02T18:15:17.755Z,0
1f029ef4-7758-63eb-a2fc-8027268018ad,ankle_hang_top_bar_-_no_hands,lyra,3.0,,Joanne's Flashcards,,,,35327f2b-9205-440f-8e38-f6da18f4dd54,35327f2b-9205-440f-8e38-f6da18f4dd54,2025-05-02T18:15:17.755Z,2025-05-02T18:15:17.755Z,0
1f029ef4-7758-643b-9135-d700ba3658a6,single_knee_hook_back_press_away,lyra,3.0,,Joanne's Flashcards,,,,35327f2b-9205-440f-8e38-f6da18f4dd54,35327f2b-9205-440f-8e38-f6da18f4dd54,2025-05-02T18:15:17.755Z,2025-05-02T18:15:17.755Z,0
1f029ef4-7758-648a-b77f-9ec60bc8574d,hock_hang_top_bar,lyra,3.0,,Joanne's Flashcards,,,,35327f2b-9205-440f-8e38-f6da18f4dd54,35327f2b-9205-440f-8e38-f6da18f4dd54,2025-05-02T18:15:17.755Z,2025-05-02T18:15:17.755Z,0
1f029ef4-7758-64d9-8112-ca44e69ee548,straddle_back_top_bar,lyra,3.0,,Joanne's Flashcards,,,,35327f2b-9205-440f-8e38-f6da18f4dd54,35327f2b-9205-440f-8e38-f6da18f4dd54,2025-05-02T18:15:17.755Z,2025-05-02T18:15:17.755Z,0
