id,media_path,media_type,file_size,duration_seconds,name,description,apparatus,origin,taken_time,taken_location,created_by,created_at,updated_by,updated_at,is_synced
6cc413a6-d560-43dc-aee9-35458ef0a04d,uplift/amazon_-_hands_on.jpg,image,1273336,0,Amazon - Hands On,Joanne's Flashcards,lyra,upload,,,35327f2b-9205-440f-8e38-f6da18f4dd54,2025-05-02T18:15:17.755Z,35327f2b-9205-440f-8e38-f6da18f4dd54,2025-05-02T18:15:17.755Z,0
2b7db605-7319-4161-a89c-54e2d338d671,uplift/amazon_split.jpg,image,2635310,0,Amazon Split,Joanne's Flashcards,lyra,upload,,,35327f2b-9205-440f-8e38-f6da18f4dd54,2025-05-02T18:15:17.755Z,35327f2b-9205-440f-8e38-f6da18f4dd54,2025-05-02T18:15:17.755Z,0
bbedf4cf-c224-4ea2-8135-ffa1e9515040,uplift/amazon_top_hand_off.jpg,image,2772908,0,Amazon Top Hand Off,Joanne's Flashcards,lyra,upload,,,35327f2b-9205-440f-8e38-f6da18f4dd54,2025-05-02T18:15:17.755Z,35327f2b-9205-440f-8e38-f6da18f4dd54,2025-05-02T18:15:17.755Z,0
c70c83b9-5163-4e10-8e7e-ebbfd2b58db8,uplift/ankle_cuddle.jpg,image,1944694,0,Ankle Cuddle,Joanne's Flashcards,lyra,upload,,,35327f2b-9205-440f-8e38-f6da18f4dd54,2025-05-02T18:15:17.755Z,35327f2b-9205-440f-8e38-f6da18f4dd54,2025-05-02T18:15:17.755Z,0
3a1c8705-98ea-482e-9d13-f0f49af2bb4c,uplift/ankle_hang_top_bar_-_holding_on.jpg,image,2346491,0,Ankle Hang Top Bar - Holding On,Joanne's Flashcards,lyra,upload,,,35327f2b-9205-440f-8e38-f6da18f4dd54,2025-05-02T18:15:17.755Z,35327f2b-9205-440f-8e38-f6da18f4dd54,2025-05-02T18:15:17.755Z,0
46cbe42c-0950-465b-9314-c30c81d4246f,uplift/ankle_hang_top_bar_-_no_hands.jpg,image,2248250,0,Ankle Hang Top Bar - No Hands,Joanne's Flashcards,lyra,upload,,,35327f2b-9205-440f-8e38-f6da18f4dd54,2025-05-02T18:15:17.755Z,35327f2b-9205-440f-8e38-f6da18f4dd54,2025-05-02T18:15:17.755Z,0
2d4ae6cc-50c4-41ad-85a0-b7dab9a6a54b,uplift/arabesque_from_seated.jpg,image,1438587,0,Arabesque From Seated,Joanne's Flashcards,lyra,upload,,,35327f2b-9205-440f-8e38-f6da18f4dd54,2025-05-02T18:15:17.755Z,35327f2b-9205-440f-8e38-f6da18f4dd54,2025-05-02T18:15:17.755Z,0
286e1d77-8ace-43c9-9607-155faa543bf7,uplift/arm_pit_block_top_bar.jpg,image,2596803,0,Arm Pit Block Top Bar,Joanne's Flashcards,lyra,upload,,,35327f2b-9205-440f-8e38-f6da18f4dd54,2025-05-02T18:15:17.755Z,35327f2b-9205-440f-8e38-f6da18f4dd54,2025-05-02T18:15:17.755Z,0
8734a1ba-970f-4d53-97b6-4d19e97854d7,uplift/around_the_world.jpg,image,1194949,0,Around the World,Joanne's Flashcards,lyra,upload,,,35327f2b-9205-440f-8e38-f6da18f4dd54,2025-05-02T18:15:17.755Z,35327f2b-9205-440f-8e38-f6da18f4dd54,2025-05-02T18:15:17.755Z,0
c24e5845-08cb-4800-889d-6fab8125aa37,uplift/back_balance_-_hands_on.jpg,image,1952342,0,Back Balance - Hands On,Joanne's Flashcards,lyra,upload,,,35327f2b-9205-440f-8e38-f6da18f4dd54,2025-05-02T18:15:17.755Z,35327f2b-9205-440f-8e38-f6da18f4dd54,2025-05-02T18:15:17.755Z,0
0ba3d2b6-fa27-4791-b000-565840c36548,uplift/back_balance_-_no_hands.jpg,image,2224501,0,Back Balance - No Hands,Joanne's Flashcards,lyra,upload,,,35327f2b-9205-440f-8e38-f6da18f4dd54,2025-05-02T18:15:17.755Z,35327f2b-9205-440f-8e38-f6da18f4dd54,2025-05-02T18:15:17.755Z,0
fd26d2db-e5ec-465b-a744-492b3ea6ed81,uplift/bird’s_nest_bottom_bar.jpg,image,1434236,0,Bird’s Nest Bottom Bar,Joanne's Flashcards,lyra,upload,,,35327f2b-9205-440f-8e38-f6da18f4dd54,2025-05-02T18:15:17.755Z,35327f2b-9205-440f-8e38-f6da18f4dd54,2025-05-02T18:15:17.755Z,0
2b58955a-ca38-4b15-a8be-089278dd239e,uplift/bird’s_nest_bottom_bar_one_leg.jpg,image,325477,0,Bird’s Nest Bottom Bar One Leg,Joanne's Flashcards,lyra,upload,,,35327f2b-9205-440f-8e38-f6da18f4dd54,2025-05-02T18:15:17.755Z,35327f2b-9205-440f-8e38-f6da18f4dd54,2025-05-02T18:15:17.755Z,0
6c147af3-2fa1-45b5-ba3f-fdd707a1c8bc,uplift/bird’s_nest_top_bar.jpg,image,1876607,0,Bird’s Nest Top Bar,Joanne's Flashcards,lyra,upload,,,35327f2b-9205-440f-8e38-f6da18f4dd54,2025-05-02T18:15:17.755Z,35327f2b-9205-440f-8e38-f6da18f4dd54,2025-05-02T18:15:17.755Z,0
adc92ced-b2b4-4daf-b496-843b1f27e25d,uplift/bird’s_nest_top_bar_single_leg.jpg,image,2885933,0,Bird’s Nest Top Bar Single Leg,Joanne's Flashcards,lyra,upload,,,35327f2b-9205-440f-8e38-f6da18f4dd54,2025-05-02T18:15:17.755Z,35327f2b-9205-440f-8e38-f6da18f4dd54,2025-05-02T18:15:17.755Z,0
2bd93ef5-265d-482b-8b15-cba956fdbafe,uplift/bottom_bar_flip_out.jpg,image,1363852,0,Bottom Bar Flip Out,Joanne's Flashcards,lyra,upload,,,35327f2b-9205-440f-8e38-f6da18f4dd54,2025-05-02T18:15:17.755Z,35327f2b-9205-440f-8e38-f6da18f4dd54,2025-05-02T18:15:17.755Z,0
432b69d8-1584-475e-ae83-5310f6ce087f,uplift/butt_shelf_-_legs_straight_above_no_hands.jpg,image,2225786,0,Butt Shelf - Legs Straight Above No Hands,Joanne's Flashcards,lyra,upload,,,35327f2b-9205-440f-8e38-f6da18f4dd54,2025-05-02T18:15:17.755Z,35327f2b-9205-440f-8e38-f6da18f4dd54,2025-05-02T18:15:17.755Z,0
9e4d1d05-9845-41ea-8e8d-dc497dec2777,uplift/butt_shelf_-_no_hands.jpg,image,2150116,0,Butt Shelf - No Hands,Joanne's Flashcards,lyra,upload,,,35327f2b-9205-440f-8e38-f6da18f4dd54,2025-05-02T18:15:17.755Z,35327f2b-9205-440f-8e38-f6da18f4dd54,2025-05-02T18:15:17.755Z,0
3462c749-bfd1-4845-a046-4ff10fe3b509,uplift/butt_shelf_-_one_leg_straight_other_bent_behind.jpg,image,2945307,0,Butt Shelf - One Leg Straight Other Bent Behind,Joanne's Flashcards,lyra,upload,,,35327f2b-9205-440f-8e38-f6da18f4dd54,2025-05-02T18:15:17.755Z,35327f2b-9205-440f-8e38-f6da18f4dd54,2025-05-02T18:15:17.755Z,0
8289bd7c-827b-4ad2-900d-ea4f0c0f65bb,uplift/butt_shelf_hands_on.jpg,image,2164290,0,Butt Shelf Hands On,Joanne's Flashcards,lyra,upload,,,35327f2b-9205-440f-8e38-f6da18f4dd54,2025-05-02T18:15:17.755Z,35327f2b-9205-440f-8e38-f6da18f4dd54,2025-05-02T18:15:17.755Z,0
2ce05da0-6d4c-4346-8a82-ffa2cb615e51,uplift/butt_shelf_straight_legs.jpg,image,2262887,0,Butt Shelf Straight Legs,Joanne's Flashcards,lyra,upload,,,35327f2b-9205-440f-8e38-f6da18f4dd54,2025-05-02T18:15:17.755Z,35327f2b-9205-440f-8e38-f6da18f4dd54,2025-05-02T18:15:17.755Z,0
41e52b7a-e259-44c6-b5fa-b8eeaea095e1,uplift/candlestick.jpg,image,2685744,0,Candlestick,Joanne's Flashcards,lyra,upload,,,35327f2b-9205-440f-8e38-f6da18f4dd54,2025-05-02T18:15:17.755Z,35327f2b-9205-440f-8e38-f6da18f4dd54,2025-05-02T18:15:17.755Z,0
6a270778-8e14-4197-94b1-bbb696a99a5b,uplift/candlestick_reverse_from_stag.jpg,image,2255543,0,Candlestick Reverse from Stag,Joanne's Flashcards,lyra,upload,,,35327f2b-9205-440f-8e38-f6da18f4dd54,2025-05-02T18:15:17.755Z,35327f2b-9205-440f-8e38-f6da18f4dd54,2025-05-02T18:15:17.755Z,0
f4b2eb96-bad0-4290-a14c-4ac4e41ed99c,uplift/cannon_ball.jpg,image,75900,0,Cannon Ball,Joanne's Flashcards,lyra,upload,,,35327f2b-9205-440f-8e38-f6da18f4dd54,2025-05-02T18:15:17.755Z,35327f2b-9205-440f-8e38-f6da18f4dd54,2025-05-02T18:15:17.755Z,0
08704d4a-f14e-4744-9783-2a9fa969607d,uplift/chest_stand_arrow.jpg,image,2139339,0,Chest Stand Arrow,Joanne's Flashcards,lyra,upload,,,35327f2b-9205-440f-8e38-f6da18f4dd54,2025-05-02T18:15:17.755Z,35327f2b-9205-440f-8e38-f6da18f4dd54,2025-05-02T18:15:17.755Z,0
1e947173-88b1-47dd-ad8d-8c790a8f2b3c,uplift/chest_stand_delilah.jpg,image,2035923,0,Chest Stand Delilah,Joanne's Flashcards,lyra,upload,,,35327f2b-9205-440f-8e38-f6da18f4dd54,2025-05-02T18:15:17.755Z,35327f2b-9205-440f-8e38-f6da18f4dd54,2025-05-02T18:15:17.755Z,0
83d9f43a-6ead-4b76-a50d-fa87e17e9bc5,uplift/chest_stand_pencil.jpg,image,2110650,0,Chest Stand Pencil,Joanne's Flashcards,lyra,upload,,,35327f2b-9205-440f-8e38-f6da18f4dd54,2025-05-02T18:15:17.755Z,35327f2b-9205-440f-8e38-f6da18f4dd54,2025-05-02T18:15:17.755Z,0
cbbad36b-a6ff-479b-9051-519f4233df00,uplift/chest_stand_pike.jpg,image,2895499,0,Chest Stand Pike,Joanne's Flashcards,lyra,upload,,,35327f2b-9205-440f-8e38-f6da18f4dd54,2025-05-02T18:15:17.755Z,35327f2b-9205-440f-8e38-f6da18f4dd54,2025-05-02T18:15:17.755Z,0
0610ae6b-4ce7-43ed-bc5b-6e7a81c3a0b5,uplift/circus_mermaid.jpg,image,2770795,0,Circus Mermaid,Joanne's Flashcards,lyra,upload,,,35327f2b-9205-440f-8e38-f6da18f4dd54,2025-05-02T18:15:17.755Z,35327f2b-9205-440f-8e38-f6da18f4dd54,2025-05-02T18:15:17.755Z,0
82599e22-edda-47d6-99fc-f56631bf350e,uplift/clock.jpg,image,2234050,0,Clock,Joanne's Flashcards,lyra,upload,,,35327f2b-9205-440f-8e38-f6da18f4dd54,2025-05-02T18:15:17.755Z,35327f2b-9205-440f-8e38-f6da18f4dd54,2025-05-02T18:15:17.755Z,0
a9b9fd92-45d3-43a4-b7c4-c8a9b94f78f3,uplift/crossed_leg_sit_top_bar.jpg,image,3027607,0,Crossed Leg Sit Top Bar,Joanne's Flashcards,lyra,upload,,,35327f2b-9205-440f-8e38-f6da18f4dd54,2025-05-02T18:15:17.755Z,35327f2b-9205-440f-8e38-f6da18f4dd54,2025-05-02T18:15:17.755Z,0
7875d014-bf6e-472b-8fff-a0f8a569fb46,uplift/cuddle.jpg,image,2554828,0,Cuddle,Joanne's Flashcards,lyra,upload,,,35327f2b-9205-440f-8e38-f6da18f4dd54,2025-05-02T18:15:17.755Z,35327f2b-9205-440f-8e38-f6da18f4dd54,2025-05-02T18:15:17.755Z,0
3be3195d-9c0b-42fe-a439-2640dc249ed9,uplift/cuddle_roll.jpg,image,2549859,0,Cuddle Roll,Joanne's Flashcards,lyra,upload,,,35327f2b-9205-440f-8e38-f6da18f4dd54,2025-05-02T18:15:17.755Z,35327f2b-9205-440f-8e38-f6da18f4dd54,2025-05-02T18:15:17.755Z,0
3d64a63d-ac5a-447f-8be2-849a42ecf342,uplift/cuddle_slide.jpg,image,2056274,0,Cuddle Slide,Joanne's Flashcards,lyra,upload,,,35327f2b-9205-440f-8e38-f6da18f4dd54,2025-05-02T18:15:17.755Z,35327f2b-9205-440f-8e38-f6da18f4dd54,2025-05-02T18:15:17.755Z,0
56604899-eb21-4de3-8dee-1a3be0af48fe,uplift/cuddle_top_bar.jpg,image,445703,0,Cuddle Top Bar,Joanne's Flashcards,lyra,upload,,,35327f2b-9205-440f-8e38-f6da18f4dd54,2025-05-02T18:15:17.755Z,35327f2b-9205-440f-8e38-f6da18f4dd54,2025-05-02T18:15:17.755Z,0
340beb44-be44-4a3c-9013-c4b9a124e000,uplift/delilah.jpg,image,1620283,0,Delilah,Joanne's Flashcards,lyra,upload,,,35327f2b-9205-440f-8e38-f6da18f4dd54,2025-05-02T18:15:17.755Z,35327f2b-9205-440f-8e38-f6da18f4dd54,2025-05-02T18:15:17.755Z,0
b8aeef4b-b30d-4b08-b2c0-80624f7c387a,uplift/delilah_foot_press_away.jpg,image,74042,0,Delilah Foot Press Away,Joanne's Flashcards,lyra,upload,,,35327f2b-9205-440f-8e38-f6da18f4dd54,2025-05-02T18:15:17.755Z,35327f2b-9205-440f-8e38-f6da18f4dd54,2025-05-02T18:15:17.755Z,0
90b845d4-0ef9-4b8b-a45e-91b558cb6b63,uplift/delilah_hand_press_away.jpg,image,2106842,0,Delilah Hand Press Away,Joanne's Flashcards,lyra,upload,,,35327f2b-9205-440f-8e38-f6da18f4dd54,2025-05-02T18:15:17.755Z,35327f2b-9205-440f-8e38-f6da18f4dd54,2025-05-02T18:15:17.755Z,0
6bccad2e-a622-410b-a00c-0036f06ade7b,uplift/delilah_sideways_top_bar.jpg,image,1944380,0,Delilah Sideways Top Bar,Joanne's Flashcards,lyra,upload,,,35327f2b-9205-440f-8e38-f6da18f4dd54,2025-05-02T18:15:17.755Z,35327f2b-9205-440f-8e38-f6da18f4dd54,2025-05-02T18:15:17.755Z,0
22b228f0-da9f-461b-b292-e5180b87080a,uplift/diving_bird.jpg,image,3082711,0,Diving Bird,Joanne's Flashcards,lyra,upload,,,35327f2b-9205-440f-8e38-f6da18f4dd54,2025-05-02T18:15:17.755Z,35327f2b-9205-440f-8e38-f6da18f4dd54,2025-05-02T18:15:17.755Z,0
6db7cec8-3d29-420b-9874-5f95e6339bd8,uplift/double_knee_hook_trash_can.jpg,image,2846305,0,Double Knee Hook Trash Can,Joanne's Flashcards,lyra,upload,,,35327f2b-9205-440f-8e38-f6da18f4dd54,2025-05-02T18:15:17.755Z,35327f2b-9205-440f-8e38-f6da18f4dd54,2025-05-02T18:15:17.755Z,0
4e97cdcf-fea5-4550-8cf4-794057b7a032,uplift/dragonfly.jpg,image,2662380,0,Dragonfly,Joanne's Flashcards,lyra,upload,,,35327f2b-9205-440f-8e38-f6da18f4dd54,2025-05-02T18:15:17.755Z,35327f2b-9205-440f-8e38-f6da18f4dd54,2025-05-02T18:15:17.755Z,0
545de7d8-c104-49da-a1d1-d9597467efdf,uplift/elbow_hook_double_bottom_bar.jpg,image,3132814,0,Elbow Hook Double Bottom Bar,Joanne's Flashcards,lyra,upload,,,35327f2b-9205-440f-8e38-f6da18f4dd54,2025-05-02T18:15:17.755Z,35327f2b-9205-440f-8e38-f6da18f4dd54,2025-05-02T18:15:17.755Z,0
a536a69c-e91f-4f61-a263-30081c2d5e63,uplift/elbow_hook_double_top_bar.jpg,image,1465253,0,Elbow Hook Double Top Bar,Joanne's Flashcards,lyra,upload,,,35327f2b-9205-440f-8e38-f6da18f4dd54,2025-05-02T18:15:17.755Z,35327f2b-9205-440f-8e38-f6da18f4dd54,2025-05-02T18:15:17.755Z,0
ff98c108-2972-4e24-a2e3-8f0659ec47d7,uplift/elbow_hook_single_inside_knee_hook_single.jpg,image,2333876,0,Elbow Hook Single Inside Knee Hook Single,Joanne's Flashcards,lyra,upload,,,35327f2b-9205-440f-8e38-f6da18f4dd54,2025-05-02T18:15:17.755Z,35327f2b-9205-440f-8e38-f6da18f4dd54,2025-05-02T18:15:17.755Z,0
59f2dfcb-47b5-4b7e-8b70-5c6f537819d8,uplift/fallen_angel.jpg,image,2750652,0,Fallen Angel,Joanne's Flashcards,lyra,upload,,,35327f2b-9205-440f-8e38-f6da18f4dd54,2025-05-02T18:15:17.755Z,35327f2b-9205-440f-8e38-f6da18f4dd54,2025-05-02T18:15:17.755Z,0
76538905-48b5-470d-b811-2a1777ab1d51,uplift/faux_butt_shelf.jpg,image,2566062,0,Faux Butt Shelf,Joanne's Flashcards,lyra,upload,,,35327f2b-9205-440f-8e38-f6da18f4dd54,2025-05-02T18:15:17.755Z,35327f2b-9205-440f-8e38-f6da18f4dd54,2025-05-02T18:15:17.755Z,0
0f12ac14-bb1f-4086-95af-ee53b9a8658e,uplift/figure_four_foot_block_under_bar.jpg,image,1933747,0,Figure Four Foot Block Under Bar,Joanne's Flashcards,lyra,upload,,,35327f2b-9205-440f-8e38-f6da18f4dd54,2025-05-02T18:15:17.755Z,35327f2b-9205-440f-8e38-f6da18f4dd54,2025-05-02T18:15:17.755Z,0
982b5fe4-85be-4b35-b4c4-2a9d2e06259c,uplift/figure_head.jpg,image,2956564,0,Figure Head,Joanne's Flashcards,lyra,upload,,,35327f2b-9205-440f-8e38-f6da18f4dd54,2025-05-02T18:15:17.755Z,35327f2b-9205-440f-8e38-f6da18f4dd54,2025-05-02T18:15:17.755Z,0
7fa79f54-37d4-4084-b00c-018051fddf6f,uplift/fish.jpg,image,1510992,0,Fish,Joanne's Flashcards,lyra,upload,,,35327f2b-9205-440f-8e38-f6da18f4dd54,2025-05-02T18:15:17.755Z,35327f2b-9205-440f-8e38-f6da18f4dd54,2025-05-02T18:15:17.755Z,0
e4b4e826-84de-43c3-b1f5-234baa253e1b,uplift/fish_injured.jpg,image,456827,0,Fish Injured,Joanne's Flashcards,lyra,upload,,,35327f2b-9205-440f-8e38-f6da18f4dd54,2025-05-02T18:15:17.755Z,35327f2b-9205-440f-8e38-f6da18f4dd54,2025-05-02T18:15:17.755Z,0
ec1acf45-016f-4eba-a9ec-8c3be155eb8b,uplift/flag.jpg,image,1445764,0,Flag,Joanne's Flashcards,lyra,upload,,,35327f2b-9205-440f-8e38-f6da18f4dd54,2025-05-02T18:15:17.755Z,35327f2b-9205-440f-8e38-f6da18f4dd54,2025-05-02T18:15:17.755Z,0
1a3f348a-89ea-4778-abbe-1a0d965568d8,uplift/flamenco_grip_inside_mermaid_knee_hook.jpg,image,167404,0,Flamenco Grip Inside Mermaid Knee Hook,Joanne's Flashcards,lyra,upload,,,35327f2b-9205-440f-8e38-f6da18f4dd54,2025-05-02T18:15:17.755Z,35327f2b-9205-440f-8e38-f6da18f4dd54,2025-05-02T18:15:17.755Z,0
5c4e9a6e-5995-4b89-a57a-e80ed3ea5eba,uplift/flamingo.jpg,image,3032936,0,Flamingo,Joanne's Flashcards,lyra,upload,,,35327f2b-9205-440f-8e38-f6da18f4dd54,2025-05-02T18:15:17.755Z,35327f2b-9205-440f-8e38-f6da18f4dd54,2025-05-02T18:15:17.755Z,0
d551603c-333b-4f0f-a6de-6c45ce76ecce,uplift/flying_saucer.jpg,image,2871490,0,Flying Saucer,Joanne's Flashcards,lyra,upload,,,35327f2b-9205-440f-8e38-f6da18f4dd54,2025-05-02T18:15:17.755Z,35327f2b-9205-440f-8e38-f6da18f4dd54,2025-05-02T18:15:17.755Z,0
75fce4dc-c526-4be2-8c23-1cc52560aac7,uplift/gazelle_-_hands_on.jpg,image,1799948,0,Gazelle - Hands On,Joanne's Flashcards,lyra,upload,,,35327f2b-9205-440f-8e38-f6da18f4dd54,2025-05-02T18:15:17.755Z,35327f2b-9205-440f-8e38-f6da18f4dd54,2025-05-02T18:15:17.755Z,0
730aae21-1184-4c92-8d74-c530fc98da7b,uplift/gazelle_-_hands_on_knee.jpg,image,1983455,0,Gazelle - Hands on Knee,Joanne's Flashcards,lyra,upload,,,35327f2b-9205-440f-8e38-f6da18f4dd54,2025-05-02T18:15:17.755Z,35327f2b-9205-440f-8e38-f6da18f4dd54,2025-05-02T18:15:17.755Z,0
2b89b894-a2fd-4b61-a3ff-f76277f64a75,uplift/gazelle_-_one_hand_knee.jpg,image,2044842,0,Gazelle - One Hand Knee,Joanne's Flashcards,lyra,upload,,,35327f2b-9205-440f-8e38-f6da18f4dd54,2025-05-02T18:15:17.755Z,35327f2b-9205-440f-8e38-f6da18f4dd54,2025-05-02T18:15:17.755Z,0
7e3a4052-bfaa-461d-be7e-80f544363035,uplift/gazelle_allegra_bent_leg.jpg,image,3145271,0,Gazelle Allegra Bent Leg,Joanne's Flashcards,lyra,upload,,,35327f2b-9205-440f-8e38-f6da18f4dd54,2025-05-02T18:15:17.755Z,35327f2b-9205-440f-8e38-f6da18f4dd54,2025-05-02T18:15:17.755Z,0
77b1a0f8-376d-426d-be61-82fd98f74143,uplift/gazelle_allegra_straight_leg.jpg,image,2315723,0,Gazelle Allegra Straight Leg,Joanne's Flashcards,lyra,upload,,,35327f2b-9205-440f-8e38-f6da18f4dd54,2025-05-02T18:15:17.755Z,35327f2b-9205-440f-8e38-f6da18f4dd54,2025-05-02T18:15:17.755Z,0
777d8817-e1f9-4aee-a5bb-f697082d837a,uplift/gazelle_french.jpg,image,1071312,0,Gazelle French,Joanne's Flashcards,lyra,upload,,,35327f2b-9205-440f-8e38-f6da18f4dd54,2025-05-02T18:15:17.755Z,35327f2b-9205-440f-8e38-f6da18f4dd54,2025-05-02T18:15:17.755Z,0
bf4aa097-5ad4-465c-9d59-5001c2813a8a,uplift/gazelle_french_stag_legs.jpg,image,1445009,0,Gazelle French Stag Legs,Joanne's Flashcards,lyra,upload,,,35327f2b-9205-440f-8e38-f6da18f4dd54,2025-05-02T18:15:17.755Z,35327f2b-9205-440f-8e38-f6da18f4dd54,2025-05-02T18:15:17.755Z,0
b71a39f6-e216-4d86-ab44-f045139e87a8,uplift/gazelle_front_split.jpg,image,2757992,0,Gazelle Front Split,Joanne's Flashcards,lyra,upload,,,35327f2b-9205-440f-8e38-f6da18f4dd54,2025-05-02T18:15:17.755Z,35327f2b-9205-440f-8e38-f6da18f4dd54,2025-05-02T18:15:17.755Z,0
114f204a-4e1f-4e52-a564-77da2c2fd7d9,uplift/gazelle_no_hands.jpg,image,1714755,0,Gazelle No Hands,Joanne's Flashcards,lyra,upload,,,35327f2b-9205-440f-8e38-f6da18f4dd54,2025-05-02T18:15:17.755Z,35327f2b-9205-440f-8e38-f6da18f4dd54,2025-05-02T18:15:17.755Z,0
80a9a709-36ee-4a30-ae76-b45ac413d553,uplift/gazelle_twist_half_split.jpg,image,2136778,0,Gazelle Twist Half Split,Joanne's Flashcards,lyra,upload,,,35327f2b-9205-440f-8e38-f6da18f4dd54,2025-05-02T18:15:17.755Z,35327f2b-9205-440f-8e38-f6da18f4dd54,2025-05-02T18:15:17.755Z,0
1babe1da-1c27-4f7f-bb46-ae15853b2134,uplift/gazelle_twist_split_full.jpg,image,1987712,0,Gazelle Twist Split Full,Joanne's Flashcards,lyra,upload,,,35327f2b-9205-440f-8e38-f6da18f4dd54,2025-05-02T18:15:17.755Z,35327f2b-9205-440f-8e38-f6da18f4dd54,2025-05-02T18:15:17.755Z,0
745b7427-1b22-4f5f-9e6b-311cd537176d,uplift/genie_dismount.jpg,image,899455,0,Genie Dismount,Joanne's Flashcards,lyra,upload,,,35327f2b-9205-440f-8e38-f6da18f4dd54,2025-05-02T18:15:17.755Z,35327f2b-9205-440f-8e38-f6da18f4dd54,2025-05-02T18:15:17.755Z,0
33fb27fa-a99f-4c7f-a635-fcb367f6f4d6,uplift/half_angel_roll.jpg,image,1764006,0,Half Angel Roll,Joanne's Flashcards,lyra,upload,,,35327f2b-9205-440f-8e38-f6da18f4dd54,2025-05-02T18:15:17.755Z,35327f2b-9205-440f-8e38-f6da18f4dd54,2025-05-02T18:15:17.755Z,0
207e17fb-6757-49a9-8d6a-b1b2e0b8c8a2,uplift/half_angel_roll_low.jpg,image,1496284,0,Half Angel Roll Low,Joanne's Flashcards,lyra,upload,,,35327f2b-9205-440f-8e38-f6da18f4dd54,2025-05-02T18:15:17.755Z,35327f2b-9205-440f-8e38-f6da18f4dd54,2025-05-02T18:15:17.755Z,0
e5126edb-9f91-4682-887a-717afe75aaef,uplift/half_back_balance.jpg,image,1836625,0,Half Back Balance,Joanne's Flashcards,lyra,upload,,,35327f2b-9205-440f-8e38-f6da18f4dd54,2025-05-02T18:15:17.755Z,35327f2b-9205-440f-8e38-f6da18f4dd54,2025-05-02T18:15:17.755Z,0
7d06544a-86f2-44b6-9980-bea095a5ad2f,uplift/half_back_balance_-_no_hands.jpg,image,142923,0,Half Back Balance - No Hands,Joanne's Flashcards,lyra,upload,,,35327f2b-9205-440f-8e38-f6da18f4dd54,2025-05-02T18:15:17.755Z,35327f2b-9205-440f-8e38-f6da18f4dd54,2025-05-02T18:15:17.755Z,0
8fc7e8f4-3367-40f7-9b34-892904748d69,uplift/half_beauty_roll_-_from_high_outside_mermaid.jpg,image,318117,0,Half Beauty Roll - from High Outside Mermaid,Joanne's Flashcards,lyra,upload,,,35327f2b-9205-440f-8e38-f6da18f4dd54,2025-05-02T18:15:17.755Z,35327f2b-9205-440f-8e38-f6da18f4dd54,2025-05-02T18:15:17.755Z,0
49cb2c78-e861-4df9-80de-3f6ef4499e75,uplift/half_beauty_roll_-_from_inside_lion.jpg,image,288765,0,Half Beauty Roll - from Inside Lion,Joanne's Flashcards,lyra,upload,,,35327f2b-9205-440f-8e38-f6da18f4dd54,2025-05-02T18:15:17.755Z,35327f2b-9205-440f-8e38-f6da18f4dd54,2025-05-02T18:15:17.755Z,0
19dbed9e-ef78-4f62-81e5-1fc0a2d86e0e,uplift/half_crescent_moon.jpg,image,1576057,0,Half Crescent Moon,Joanne's Flashcards,lyra,upload,,,35327f2b-9205-440f-8e38-f6da18f4dd54,2025-05-02T18:15:17.755Z,35327f2b-9205-440f-8e38-f6da18f4dd54,2025-05-02T18:15:17.755Z,0
180776cd-b2ea-4156-8f56-1416825ae94b,uplift/half_mill_roll.jpg,image,2990816,0,Half Mill Roll,Joanne's Flashcards,lyra,upload,,,35327f2b-9205-440f-8e38-f6da18f4dd54,2025-05-02T18:15:17.755Z,35327f2b-9205-440f-8e38-f6da18f4dd54,2025-05-02T18:15:17.755Z,0
695d1316-d828-47fb-9567-308d7d21fea9,uplift/half_popsicle_roll.jpg,image,2437922,0,Half Popsicle Roll,Joanne's Flashcards,lyra,upload,,,35327f2b-9205-440f-8e38-f6da18f4dd54,2025-05-02T18:15:17.755Z,35327f2b-9205-440f-8e38-f6da18f4dd54,2025-05-02T18:15:17.755Z,0
b6f6aa1d-3673-4a10-a456-d50793f54d7d,uplift/hh_foot_block_-_both_legs.jpg,image,1453048,0,HH Foot Block - Both Legs,Joanne's Flashcards,lyra,upload,,,35327f2b-9205-440f-8e38-f6da18f4dd54,2025-05-02T18:15:17.755Z,35327f2b-9205-440f-8e38-f6da18f4dd54,2025-05-02T18:15:17.755Z,0
371c03bd-23f5-4256-893b-1fa9ba37d9d0,uplift/high_layout_1_hand.jpg,image,1921970,0,High Layout - 1 Hand,Joanne's Flashcards,lyra,upload,,,35327f2b-9205-440f-8e38-f6da18f4dd54,2025-05-02T18:15:17.755Z,35327f2b-9205-440f-8e38-f6da18f4dd54,2025-05-02T18:15:17.755Z,0
2bbc994a-fd72-4c7b-a92a-327cca3f16f8,uplift/high_layout_2_hands.jpg,image,2132716,0,High Layout - 2 Hands,Joanne's Flashcards,lyra,upload,,,35327f2b-9205-440f-8e38-f6da18f4dd54,2025-05-02T18:15:17.755Z,35327f2b-9205-440f-8e38-f6da18f4dd54,2025-05-02T18:15:17.755Z,0
72ec54fb-1100-409c-9651-ca54703a07c6,uplift/high_outside_mermaid.jpg,image,1700973,0,High Outside Mermaid,Joanne's Flashcards,lyra,upload,,,35327f2b-9205-440f-8e38-f6da18f4dd54,2025-05-02T18:15:17.755Z,35327f2b-9205-440f-8e38-f6da18f4dd54,2025-05-02T18:15:17.755Z,0
f7eee9c6-1c9b-4379-8088-f72d771cf80f,uplift/hip_hang.jpg,image,1473970,0,Hip Hang,Joanne's Flashcards,lyra,upload,,,35327f2b-9205-440f-8e38-f6da18f4dd54,2025-05-02T18:15:17.755Z,35327f2b-9205-440f-8e38-f6da18f4dd54,2025-05-02T18:15:17.755Z,0
e4c4aa17-66aa-4a95-9579-3f1fa617b116,uplift/hip_hang_flip_in.jpg,image,2237903,0,Hip Hang Flip In,Joanne's Flashcards,lyra,upload,,,35327f2b-9205-440f-8e38-f6da18f4dd54,2025-05-02T18:15:17.755Z,35327f2b-9205-440f-8e38-f6da18f4dd54,2025-05-02T18:15:17.755Z,0
db31ee76-f92f-4909-9df5-6c35da127da9,uplift/hip_hang_flip_out.jpg,image,2337954,0,Hip Hang Flip Out,Joanne's Flashcards,lyra,upload,,,35327f2b-9205-440f-8e38-f6da18f4dd54,2025-05-02T18:15:17.755Z,35327f2b-9205-440f-8e38-f6da18f4dd54,2025-05-02T18:15:17.755Z,0
95919b62-a0ed-4f40-aae2-470dd38be9bd,uplift/hip_hang_foot_block.jpg,image,1369029,0,Hip Hang Foot Block,Joanne's Flashcards,lyra,upload,,,35327f2b-9205-440f-8e38-f6da18f4dd54,2025-05-02T18:15:17.755Z,35327f2b-9205-440f-8e38-f6da18f4dd54,2025-05-02T18:15:17.755Z,0
bec24fe9-669f-4dbb-86e6-9db778116725,uplift/hip_hang_inverted_flamingo.jpg,image,2043398,0,Hip Hang Inverted Flamingo,Joanne's Flashcards,lyra,upload,,,35327f2b-9205-440f-8e38-f6da18f4dd54,2025-05-02T18:15:17.755Z,35327f2b-9205-440f-8e38-f6da18f4dd54,2025-05-02T18:15:17.755Z,0
adb57b5e-c4e4-485d-8208-313f519cbe09,uplift/hip_hang_scorpion.jpg,image,2571427,0,Hip Hang Scorpion,Joanne's Flashcards,lyra,upload,,,35327f2b-9205-440f-8e38-f6da18f4dd54,2025-05-02T18:15:17.755Z,35327f2b-9205-440f-8e38-f6da18f4dd54,2025-05-02T18:15:17.755Z,0
66baf0fe-6d12-417b-a421-c93e1d44076d,uplift/hip_hang_top_bar.jpg,image,1930780,0,Hip Hang Top Bar,Joanne's Flashcards,lyra,upload,,,35327f2b-9205-440f-8e38-f6da18f4dd54,2025-05-02T18:15:17.755Z,35327f2b-9205-440f-8e38-f6da18f4dd54,2025-05-02T18:15:17.755Z,0
c59f42f4-fb98-469f-9f91-3608dca1d255,uplift/hip_hang_zipper.jpg,image,3260919,0,Hip Hang Zipper,Joanne's Flashcards,lyra,upload,,,35327f2b-9205-440f-8e38-f6da18f4dd54,2025-05-02T18:15:17.755Z,35327f2b-9205-440f-8e38-f6da18f4dd54,2025-05-02T18:15:17.755Z,0
3620f7cf-d40d-4091-b0eb-e6708d980395,uplift/hock_hang.jpg,image,12498,0,Hock Hang,Joanne's Flashcards,lyra,upload,,,35327f2b-9205-440f-8e38-f6da18f4dd54,2025-05-02T18:15:17.755Z,35327f2b-9205-440f-8e38-f6da18f4dd54,2025-05-02T18:15:17.755Z,0
03381639-d7af-47c4-9d46-b6885656167a,uplift/hock_hang_top_bar.jpg,image,1939974,0,Hock Hang Top Bar,Joanne's Flashcards,lyra,upload,,,35327f2b-9205-440f-8e38-f6da18f4dd54,2025-05-02T18:15:17.755Z,35327f2b-9205-440f-8e38-f6da18f4dd54,2025-05-02T18:15:17.755Z,0
2cbacc2f-4cd0-48ef-870f-80763872dcbe,uplift/horse.jpg,image,2052892,0,Horse,Joanne's Flashcards,lyra,upload,,,35327f2b-9205-440f-8e38-f6da18f4dd54,2025-05-02T18:15:17.755Z,35327f2b-9205-440f-8e38-f6da18f4dd54,2025-05-02T18:15:17.755Z,0
2bacb459-9b2e-4910-92bd-09dd8772f686,uplift/inside_lion.jpg,image,2496363,0,Inside Lion,Joanne's Flashcards,lyra,upload,,,35327f2b-9205-440f-8e38-f6da18f4dd54,2025-05-02T18:15:17.755Z,35327f2b-9205-440f-8e38-f6da18f4dd54,2025-05-02T18:15:17.755Z,0
d15d4b6d-1818-41b0-98d8-40d718b45de2,uplift/inside_lion_arabesque.jpg,image,1788250,0,Inside Lion Arabesque,Joanne's Flashcards,lyra,upload,,,35327f2b-9205-440f-8e38-f6da18f4dd54,2025-05-02T18:15:17.755Z,35327f2b-9205-440f-8e38-f6da18f4dd54,2025-05-02T18:15:17.755Z,0
ff6698fd-207e-4423-abd3-56bccd015223,uplift/inside_lion_slide.jpg,image,1939164,0,Inside Lion Slide,Joanne's Flashcards,lyra,upload,,,35327f2b-9205-440f-8e38-f6da18f4dd54,2025-05-02T18:15:17.755Z,35327f2b-9205-440f-8e38-f6da18f4dd54,2025-05-02T18:15:17.755Z,0
e3539c57-4fd3-48a5-98cb-5258905a2a71,uplift/inside_lion_top_bar.jpg,image,1987796,0,Inside Lion Top Bar,Joanne's Flashcards,lyra,upload,,,35327f2b-9205-440f-8e38-f6da18f4dd54,2025-05-02T18:15:17.755Z,35327f2b-9205-440f-8e38-f6da18f4dd54,2025-05-02T18:15:17.755Z,0
be7326da-41e1-4d62-86fa-a6741da8df2d,uplift/inverted_hoop_flip_bent_legs.jpg,image,1848507,0,Inverted Hoop Flip Bent Legs,Joanne's Flashcards,lyra,upload,,,35327f2b-9205-440f-8e38-f6da18f4dd54,2025-05-02T18:15:17.755Z,35327f2b-9205-440f-8e38-f6da18f4dd54,2025-05-02T18:15:17.755Z,0
419b103a-33e3-4ca6-b16a-89756ea21682,uplift/inverted_running_man_top_bar.jpg,image,1361356,0,Inverted Running Man Top Bar,Joanne's Flashcards,lyra,upload,,,35327f2b-9205-440f-8e38-f6da18f4dd54,2025-05-02T18:15:17.755Z,35327f2b-9205-440f-8e38-f6da18f4dd54,2025-05-02T18:15:17.755Z,0
3f33e4c2-61ca-4eef-b6da-5a050126cda2,uplift/inverted_star_hoop_flip.jpg,image,2124884,0,Inverted Star Hoop Flip,Joanne's Flashcards,lyra,upload,,,35327f2b-9205-440f-8e38-f6da18f4dd54,2025-05-02T18:15:17.755Z,35327f2b-9205-440f-8e38-f6da18f4dd54,2025-05-02T18:15:17.755Z,0
58cf891d-f426-4362-b4b6-848b5534cd03,uplift/inverted_star_stag_legs.jpg,image,1440843,0,Inverted Star Stag Legs,Joanne's Flashcards,lyra,upload,,,35327f2b-9205-440f-8e38-f6da18f4dd54,2025-05-02T18:15:17.755Z,35327f2b-9205-440f-8e38-f6da18f4dd54,2025-05-02T18:15:17.755Z,0
c0770448-66b9-4985-8afe-f54f2ac3b265,uplift/inverted_star_top_bar.jpg,image,1374317,0,Inverted Star Top Bar,Joanne's Flashcards,lyra,upload,,,35327f2b-9205-440f-8e38-f6da18f4dd54,2025-05-02T18:15:17.755Z,35327f2b-9205-440f-8e38-f6da18f4dd54,2025-05-02T18:15:17.755Z,0
59ca27ef-71d0-49b2-b10f-e0b98fcc288e,uplift/jamilla.jpg,image,3069624,0,Jamilla,Joanne's Flashcards,lyra,upload,,,35327f2b-9205-440f-8e38-f6da18f4dd54,2025-05-02T18:15:17.755Z,35327f2b-9205-440f-8e38-f6da18f4dd54,2025-05-02T18:15:17.755Z,0
4e4ca404-98c9-40e1-9383-07e04cb0e04c,uplift/knee_hang_bottom_bar_pike.jpg,image,354082,0,Knee Hang Bottom Bar Pike,Joanne's Flashcards,lyra,upload,,,35327f2b-9205-440f-8e38-f6da18f4dd54,2025-05-02T18:15:17.755Z,35327f2b-9205-440f-8e38-f6da18f4dd54,2025-05-02T18:15:17.755Z,0
24b55d45-5605-4d07-90cd-4ef2e3ea8e05,uplift/knee_hang_bottom_bar_single_-_one_hand.jpg,image,2738153,0,Knee Hang Bottom Bar Single - One Hand,Joanne's Flashcards,lyra,upload,,,35327f2b-9205-440f-8e38-f6da18f4dd54,2025-05-02T18:15:17.755Z,35327f2b-9205-440f-8e38-f6da18f4dd54,2025-05-02T18:15:17.755Z,0
d240c686-c416-4caa-b064-dabfdeafd4ee,uplift/knee_hang_double_bottom_bar.jpg,image,1284896,0,Knee Hang Double Bottom Bar,Joanne's Flashcards,lyra,upload,,,35327f2b-9205-440f-8e38-f6da18f4dd54,2025-05-02T18:15:17.755Z,35327f2b-9205-440f-8e38-f6da18f4dd54,2025-05-02T18:15:17.755Z,0
70db1d9b-721b-4746-a052-a9b54498d9ae,uplift/knee_hang_double_top_bar_-_no_hands.jpg,image,1259588,0,Knee Hang Double Top Bar - No Hands,Joanne's Flashcards,lyra,upload,,,35327f2b-9205-440f-8e38-f6da18f4dd54,2025-05-02T18:15:17.755Z,35327f2b-9205-440f-8e38-f6da18f4dd54,2025-05-02T18:15:17.755Z,0
4b9a5924-0521-4889-b30a-51859f2d4300,uplift/knee_hang_top_bar_back_press_away.jpg,image,96467,0,Knee Hang Top Bar Back Press Away,Joanne's Flashcards,lyra,upload,,,35327f2b-9205-440f-8e38-f6da18f4dd54,2025-05-02T18:15:17.755Z,35327f2b-9205-440f-8e38-f6da18f4dd54,2025-05-02T18:15:17.755Z,0
daa03d95-667e-486f-9f9b-db53a2119aa4,uplift/knee_hang_top_bar_forward_press_away.jpg,image,1339601,0,Knee Hang Top Bar Forward Press Away,Joanne's Flashcards,lyra,upload,,,35327f2b-9205-440f-8e38-f6da18f4dd54,2025-05-02T18:15:17.755Z,35327f2b-9205-440f-8e38-f6da18f4dd54,2025-05-02T18:15:17.755Z,0
60cfb77b-6526-463f-8836-c93d07fd64c1,uplift/knee_hang_top_bar_hands_high.jpg,image,2510452,0,Knee Hang Top Bar Hands High,Joanne's Flashcards,lyra,upload,,,35327f2b-9205-440f-8e38-f6da18f4dd54,2025-05-02T18:15:17.755Z,35327f2b-9205-440f-8e38-f6da18f4dd54,2025-05-02T18:15:17.755Z,0
a941441f-a217-442b-bd05-aa35fa5260b2,uplift/knee_hang_top_bar_hands_low.jpg,image,89295,0,Knee Hang Top Bar Hands Low,Joanne's Flashcards,lyra,upload,,,35327f2b-9205-440f-8e38-f6da18f4dd54,2025-05-02T18:15:17.755Z,35327f2b-9205-440f-8e38-f6da18f4dd54,2025-05-02T18:15:17.755Z,0
56463918-1d82-428b-92d6-e06c57613ddc,uplift/knee_hook_layout_under_bar.jpg,image,2243491,0,Knee Hook Layout Under Bar,Joanne's Flashcards,lyra,upload,,,35327f2b-9205-440f-8e38-f6da18f4dd54,2025-05-02T18:15:17.755Z,35327f2b-9205-440f-8e38-f6da18f4dd54,2025-05-02T18:15:17.755Z,0
4cb794c4-d297-4422-a3da-485737a9ce06,uplift/l_pop.jpg,image,2664342,0,L Pop,Joanne's Flashcards,lyra,upload,,,35327f2b-9205-440f-8e38-f6da18f4dd54,2025-05-02T18:15:17.755Z,35327f2b-9205-440f-8e38-f6da18f4dd54,2025-05-02T18:15:17.755Z,0
1e9b1767-15db-460e-b6de-1f8853b226b8,uplift/l_sit.jpg,image,1906394,0,L Sit,Joanne's Flashcards,lyra,upload,,,35327f2b-9205-440f-8e38-f6da18f4dd54,2025-05-02T18:15:17.755Z,35327f2b-9205-440f-8e38-f6da18f4dd54,2025-05-02T18:15:17.755Z,0
2c87d387-65b5-4cd8-b8dc-da8ea10d2f93,uplift/lady_in_the_moon.jpg,image,2877201,0,Lady in the Moon,Joanne's Flashcards,lyra,upload,,,35327f2b-9205-440f-8e38-f6da18f4dd54,2025-05-02T18:15:17.755Z,35327f2b-9205-440f-8e38-f6da18f4dd54,2025-05-02T18:15:17.755Z,0
2e94ca7d-6257-43a7-97aa-d66036cda8fd,uplift/leg_block_faint.jpg,image,50334,0,Leg Block Faint,Joanne's Flashcards,lyra,upload,,,35327f2b-9205-440f-8e38-f6da18f4dd54,2025-05-02T18:15:17.755Z,35327f2b-9205-440f-8e38-f6da18f4dd54,2025-05-02T18:15:17.755Z,0
fa06198d-57e5-4de1-8fc8-c17c84ff0506,uplift/lion_roll.jpg,image,2673678,0,Lion Roll,Joanne's Flashcards,lyra,upload,,,35327f2b-9205-440f-8e38-f6da18f4dd54,2025-05-02T18:15:17.755Z,35327f2b-9205-440f-8e38-f6da18f4dd54,2025-05-02T18:15:17.755Z,0
f1d5e090-d247-48cf-82f8-fc19eb392dd9,uplift/low_man_in_the_moon.jpg,image,1537533,0,Low Man in the Moon,Joanne's Flashcards,lyra,upload,,,35327f2b-9205-440f-8e38-f6da18f4dd54,2025-05-02T18:15:17.755Z,35327f2b-9205-440f-8e38-f6da18f4dd54,2025-05-02T18:15:17.755Z,0
705b878b-a448-463f-8a8a-f860182b5383,uplift/low_outside_mermaid.jpg,image,1227461,0,Low Outside Mermaid,Joanne's Flashcards,lyra,upload,,,35327f2b-9205-440f-8e38-f6da18f4dd54,2025-05-02T18:15:17.755Z,35327f2b-9205-440f-8e38-f6da18f4dd54,2025-05-02T18:15:17.755Z,0
de239a0d-63c1-4486-9b96-fa485d50e385,uplift/man_in_moon_invert.jpg,image,2354679,0,Man in Moon Invert,Joanne's Flashcards,lyra,upload,,,35327f2b-9205-440f-8e38-f6da18f4dd54,2025-05-02T18:15:17.755Z,35327f2b-9205-440f-8e38-f6da18f4dd54,2025-05-02T18:15:17.755Z,0
54eec285-c4c3-4ae2-a4e7-34f5ca09338d,uplift/man_in_moon_low_legs_crossed.jpg,image,2490642,0,Man in Moon Low Legs Crossed,Joanne's Flashcards,lyra,upload,,,35327f2b-9205-440f-8e38-f6da18f4dd54,2025-05-02T18:15:17.755Z,35327f2b-9205-440f-8e38-f6da18f4dd54,2025-05-02T18:15:17.755Z,0
fe0acbce-8c84-4ef6-9b90-b167c7c712b5,uplift/man_in_moon_straddle.jpg,image,1788332,0,Man in Moon Straddle,Joanne's Flashcards,lyra,upload,,,35327f2b-9205-440f-8e38-f6da18f4dd54,2025-05-02T18:15:17.755Z,35327f2b-9205-440f-8e38-f6da18f4dd54,2025-05-02T18:15:17.755Z,0
6610697c-d9eb-4fd1-8536-6a4ccc10bd32,uplift/man_in_the_moon.jpg,image,328121,0,Man in the Moon,Joanne's Flashcards,lyra,upload,,,35327f2b-9205-440f-8e38-f6da18f4dd54,2025-05-02T18:15:17.755Z,35327f2b-9205-440f-8e38-f6da18f4dd54,2025-05-02T18:15:17.755Z,0
ae5a9de1-39ff-4cf1-993f-30635fc08c9d,uplift/man_in_the_moon_press_away.jpg,image,1400542,0,Man in the Moon Press Away,Joanne's Flashcards,lyra,upload,,,35327f2b-9205-440f-8e38-f6da18f4dd54,2025-05-02T18:15:17.755Z,35327f2b-9205-440f-8e38-f6da18f4dd54,2025-05-02T18:15:17.755Z,0
cf37ee34-5e56-40f2-b9b9-cf96c2061218,uplift/martini.jpg,image,2520814,0,Martini,Joanne's Flashcards,lyra,upload,,,35327f2b-9205-440f-8e38-f6da18f4dd54,2025-05-02T18:15:17.755Z,35327f2b-9205-440f-8e38-f6da18f4dd54,2025-05-02T18:15:17.755Z,0
0b2294e3-580d-4426-974b-65e70fdfb801,uplift/martini_top_bar.jpg,image,2031571,0,Martini Top Bar,Joanne's Flashcards,lyra,upload,,,35327f2b-9205-440f-8e38-f6da18f4dd54,2025-05-02T18:15:17.755Z,35327f2b-9205-440f-8e38-f6da18f4dd54,2025-05-02T18:15:17.755Z,0
847c9691-4dcc-463b-9d86-f5a63ef12a99,uplift/mermaid_inside.jpg,image,1441799,0,Mermaid Inside,Joanne's Flashcards,lyra,upload,,,35327f2b-9205-440f-8e38-f6da18f4dd54,2025-05-02T18:15:17.755Z,35327f2b-9205-440f-8e38-f6da18f4dd54,2025-05-02T18:15:17.755Z,0
abdadf94-f260-49c5-b277-29eb7e71280f,uplift/mermaid_inside_flamenco_grip.jpg,image,1429195,0,Mermaid Inside Flamenco Grip,Joanne's Flashcards,lyra,upload,,,35327f2b-9205-440f-8e38-f6da18f4dd54,2025-05-02T18:15:17.755Z,35327f2b-9205-440f-8e38-f6da18f4dd54,2025-05-02T18:15:17.755Z,0
bb3600ea-f6cd-4bda-8195-2cc03d39da29,uplift/mermaid_inside_split_legs.jpg,image,1954998,0,Mermaid Inside Split Legs,Joanne's Flashcards,lyra,upload,,,35327f2b-9205-440f-8e38-f6da18f4dd54,2025-05-02T18:15:17.755Z,35327f2b-9205-440f-8e38-f6da18f4dd54,2025-05-02T18:15:17.755Z,0
3d984208-4c69-4b2d-a5e5-6bb6daac8139,uplift/outside_knee_hook_both_legs.jpg,image,1554845,0,Outside Knee Hook Both Legs,Joanne's Flashcards,lyra,upload,,,35327f2b-9205-440f-8e38-f6da18f4dd54,2025-05-02T18:15:17.755Z,35327f2b-9205-440f-8e38-f6da18f4dd54,2025-05-02T18:15:17.755Z,0
0fee9b96-8532-43d8-af99-00b6b43ebe31,uplift/outside_lion.jpg,image,2404036,0,Outside Lion,Joanne's Flashcards,lyra,upload,,,35327f2b-9205-440f-8e38-f6da18f4dd54,2025-05-02T18:15:17.755Z,35327f2b-9205-440f-8e38-f6da18f4dd54,2025-05-02T18:15:17.755Z,0
4311f72a-c162-4a01-b7dc-077dce960003,uplift/outside_lion_slide.jpg,image,1960714,0,Outside Lion Slide,Joanne's Flashcards,lyra,upload,,,35327f2b-9205-440f-8e38-f6da18f4dd54,2025-05-02T18:15:17.755Z,35327f2b-9205-440f-8e38-f6da18f4dd54,2025-05-02T18:15:17.755Z,0
d9294037-ce10-47de-800c-e1ecd2fc0791,uplift/outside_lion_top_bar.jpg,image,2356676,0,Outside Lion Top Bar,Joanne's Flashcards,lyra,upload,,,35327f2b-9205-440f-8e38-f6da18f4dd54,2025-05-02T18:15:17.755Z,35327f2b-9205-440f-8e38-f6da18f4dd54,2025-05-02T18:15:17.755Z,0
acf20ded-c6ad-4a3e-a264-a306926c4026,uplift/outside_mermaid_arabesque.jpg,image,1578309,0,Outside Mermaid Arabesque,Joanne's Flashcards,lyra,upload,,,35327f2b-9205-440f-8e38-f6da18f4dd54,2025-05-02T18:15:17.755Z,35327f2b-9205-440f-8e38-f6da18f4dd54,2025-05-02T18:15:17.755Z,0
55f80c3a-333f-4bab-ba40-cf1c670e0f05,uplift/outside_mermaid_crossed_legs.jpg,image,1850301,0,Outside Mermaid Crossed Legs,Joanne's Flashcards,lyra,upload,,,35327f2b-9205-440f-8e38-f6da18f4dd54,2025-05-02T18:15:17.755Z,35327f2b-9205-440f-8e38-f6da18f4dd54,2025-05-02T18:15:17.755Z,0
bdd1f86d-7377-47fb-9b61-cc2feedcbf16,uplift/pencil_bottom_bar.jpg,image,2207037,0,Pencil Bottom Bar,Joanne's Flashcards,lyra,upload,,,35327f2b-9205-440f-8e38-f6da18f4dd54,2025-05-02T18:15:17.755Z,35327f2b-9205-440f-8e38-f6da18f4dd54,2025-05-02T18:15:17.755Z,0
b9d412e3-95a3-4c89-b003-fef79595b3be,uplift/pencil_bottom_bar_pike.jpg,image,2382801,0,Pencil Bottom Bar Pike,Joanne's Flashcards,lyra,upload,,,35327f2b-9205-440f-8e38-f6da18f4dd54,2025-05-02T18:15:17.755Z,35327f2b-9205-440f-8e38-f6da18f4dd54,2025-05-02T18:15:17.755Z,0
4e11fe9c-8a22-4e1b-9e07-6e7e2912b2c5,uplift/pencil_bottom_bar_scorpion.jpg,image,1786168,0,Pencil Bottom Bar Scorpion,Joanne's Flashcards,lyra,upload,,,35327f2b-9205-440f-8e38-f6da18f4dd54,2025-05-02T18:15:17.755Z,35327f2b-9205-440f-8e38-f6da18f4dd54,2025-05-02T18:15:17.755Z,0
63ccf224-781d-47da-b73d-0a17fceac35c,uplift/pencil_bottom_bar_stag_legs.jpg,image,2522465,0,Pencil Bottom Bar Stag Legs,Joanne's Flashcards,lyra,upload,,,35327f2b-9205-440f-8e38-f6da18f4dd54,2025-05-02T18:15:17.755Z,35327f2b-9205-440f-8e38-f6da18f4dd54,2025-05-02T18:15:17.755Z,0
1c12ed38-d368-4eca-90ba-d377d9cb2368,uplift/pencil_bottom_bar_straddle_split.jpg,image,2376002,0,Pencil Bottom Bar Straddle Split,Joanne's Flashcards,lyra,upload,,,35327f2b-9205-440f-8e38-f6da18f4dd54,2025-05-02T18:15:17.755Z,35327f2b-9205-440f-8e38-f6da18f4dd54,2025-05-02T18:15:17.755Z,0
4e9aa3f4-047b-4101-959c-ce3a13c18760,uplift/pencil_top_bar.jpg,image,2889189,0,Pencil Top Bar,Joanne's Flashcards,lyra,upload,,,35327f2b-9205-440f-8e38-f6da18f4dd54,2025-05-02T18:15:17.755Z,35327f2b-9205-440f-8e38-f6da18f4dd54,2025-05-02T18:15:17.755Z,0
2e64b1b7-a9f7-439d-8c15-8affcb8f76c9,uplift/pencil_top_bar_front_split.jpg,image,1963635,0,Pencil Top Bar Front Split,Joanne's Flashcards,lyra,upload,,,35327f2b-9205-440f-8e38-f6da18f4dd54,2025-05-02T18:15:17.755Z,35327f2b-9205-440f-8e38-f6da18f4dd54,2025-05-02T18:15:17.755Z,0
c7d0fc16-3bf8-47d2-9093-d58c7e0e7b3e,uplift/pencil_top_bar_pike.jpg,image,1789524,0,Pencil Top Bar Pike,Joanne's Flashcards,lyra,upload,,,35327f2b-9205-440f-8e38-f6da18f4dd54,2025-05-02T18:15:17.755Z,35327f2b-9205-440f-8e38-f6da18f4dd54,2025-05-02T18:15:17.755Z,0
5e4265ca-cd10-4f38-b473-592f6cb2d405,uplift/pencil_top_bar_scorpion.jpg,image,1267178,0,Pencil Top Bar Scorpion,Joanne's Flashcards,lyra,upload,,,35327f2b-9205-440f-8e38-f6da18f4dd54,2025-05-02T18:15:17.755Z,35327f2b-9205-440f-8e38-f6da18f4dd54,2025-05-02T18:15:17.755Z,0
d2becd64-a712-4e79-86c3-fe2691ebfcf8,uplift/pencil_top_bar_side_star.jpg,image,1967066,0,Pencil Top Bar Side Star,Joanne's Flashcards,lyra,upload,,,35327f2b-9205-440f-8e38-f6da18f4dd54,2025-05-02T18:15:17.755Z,35327f2b-9205-440f-8e38-f6da18f4dd54,2025-05-02T18:15:17.755Z,0
dd0b66e2-d4f6-44e1-89bf-47c5cae3826b,uplift/pencil_top_bar_stag_legs.jpg,image,1961140,0,Pencil Top Bar Stag Legs,Joanne's Flashcards,lyra,upload,,,35327f2b-9205-440f-8e38-f6da18f4dd54,2025-05-02T18:15:17.755Z,35327f2b-9205-440f-8e38-f6da18f4dd54,2025-05-02T18:15:17.755Z,0
03939155-5528-43b5-9416-83ed56432f1c,uplift/pencil_top_bar_straddle_split.jpg,image,2131621,0,Pencil Top Bar Straddle Split,Joanne's Flashcards,lyra,upload,,,35327f2b-9205-440f-8e38-f6da18f4dd54,2025-05-02T18:15:17.755Z,35327f2b-9205-440f-8e38-f6da18f4dd54,2025-05-02T18:15:17.755Z,0
2a7613ef-76d5-48c5-a635-57662f86c682,uplift/pencil_top_bar_tick_tocks.jpg,image,2387605,0,Pencil Top Bar Tick Tocks,Joanne's Flashcards,lyra,upload,,,35327f2b-9205-440f-8e38-f6da18f4dd54,2025-05-02T18:15:17.755Z,35327f2b-9205-440f-8e38-f6da18f4dd54,2025-05-02T18:15:17.755Z,0
02a46f6c-20fd-4384-95a6-c60579300dd7,uplift/pike_bottom_bar.jpg,image,1840192,0,Pike Bottom Bar,Joanne's Flashcards,lyra,upload,,,35327f2b-9205-440f-8e38-f6da18f4dd54,2025-05-02T18:15:17.755Z,35327f2b-9205-440f-8e38-f6da18f4dd54,2025-05-02T18:15:17.755Z,0
b7a16dc6-7464-4916-8c96-763acd5ac168,uplift/pike_drop.jpg,image,3534781,0,Pike Drop,Joanne's Flashcards,lyra,upload,,,35327f2b-9205-440f-8e38-f6da18f4dd54,2025-05-02T18:15:17.755Z,35327f2b-9205-440f-8e38-f6da18f4dd54,2025-05-02T18:15:17.755Z,0
d302718f-c1ae-4296-b3a9-4003d5d40e50,uplift/pike_top_bar.jpg,image,1671978,0,Pike Top Bar,Joanne's Flashcards,lyra,upload,,,35327f2b-9205-440f-8e38-f6da18f4dd54,2025-05-02T18:15:17.755Z,35327f2b-9205-440f-8e38-f6da18f4dd54,2025-05-02T18:15:17.755Z,0
d8afd0b3-2b79-4704-af59-c4e69f2a17e6,uplift/popsicle_-_arch_&_bent_legs.jpg,image,1863182,0,Popsicle - Arch & Bent Legs,Joanne's Flashcards,lyra,upload,,,35327f2b-9205-440f-8e38-f6da18f4dd54,2025-05-02T18:15:17.755Z,35327f2b-9205-440f-8e38-f6da18f4dd54,2025-05-02T18:15:17.755Z,0
ff47358b-8f7f-4a0b-b1d6-f4e4d3411e5c,uplift/popsicle_-_straight_legs.jpg,image,2414107,0,Popsicle - Straight Legs,Joanne's Flashcards,lyra,upload,,,35327f2b-9205-440f-8e38-f6da18f4dd54,2025-05-02T18:15:17.755Z,35327f2b-9205-440f-8e38-f6da18f4dd54,2025-05-02T18:15:17.755Z,0
8a05d3eb-9522-4407-bb13-a4c3656a0d58,uplift/pretzel_hang_low_bar_hands_on.jpg,image,1901320,0,Pretzel Hang Low Bar Hands On,Joanne's Flashcards,lyra,upload,,,35327f2b-9205-440f-8e38-f6da18f4dd54,2025-05-02T18:15:17.755Z,35327f2b-9205-440f-8e38-f6da18f4dd54,2025-05-02T18:15:17.755Z,0
6b8cd000-5ac8-49b4-a92f-79f53a9cd226,uplift/pretzel_hang_low_bar_no_hands.jpg,image,2066039,0,Pretzel Hang Low Bar No Hands,Joanne's Flashcards,lyra,upload,,,35327f2b-9205-440f-8e38-f6da18f4dd54,2025-05-02T18:15:17.755Z,35327f2b-9205-440f-8e38-f6da18f4dd54,2025-05-02T18:15:17.755Z,0
df31799e-6543-4287-86ed-cc5267bbe376,uplift/pretzel_hang_low_bar_one_hand.jpg,image,2041536,0,Pretzel Hang Low Bar One Hand,Joanne's Flashcards,lyra,upload,,,35327f2b-9205-440f-8e38-f6da18f4dd54,2025-05-02T18:15:17.755Z,35327f2b-9205-440f-8e38-f6da18f4dd54,2025-05-02T18:15:17.755Z,0
290b7133-0884-4d0c-8dba-3b0088996c85,uplift/pretzel_single_arm_no_knee_hook.jpg,image,133700,0,Pretzel Single Arm No Knee Hook,Joanne's Flashcards,lyra,upload,,,35327f2b-9205-440f-8e38-f6da18f4dd54,2025-05-02T18:15:17.755Z,35327f2b-9205-440f-8e38-f6da18f4dd54,2025-05-02T18:15:17.755Z,0
5ba41ae5-50d4-4221-ad51-1e00a8cee95b,uplift/profile_plank.jpg,image,2420351,0,Profile Plank,Joanne's Flashcards,lyra,upload,,,35327f2b-9205-440f-8e38-f6da18f4dd54,2025-05-02T18:15:17.755Z,35327f2b-9205-440f-8e38-f6da18f4dd54,2025-05-02T18:15:17.755Z,0
32c7c781-58e1-442b-a55b-e16e307fdf0e,uplift/profile_plank_elbow_hook.jpg,image,1354786,0,Profile Plank Elbow Hook,Joanne's Flashcards,lyra,upload,,,35327f2b-9205-440f-8e38-f6da18f4dd54,2025-05-02T18:15:17.755Z,35327f2b-9205-440f-8e38-f6da18f4dd54,2025-05-02T18:15:17.755Z,0
9cbfad7a-16ff-41d6-81e4-b7dcd4b94315,uplift/profile_plank_l_pop_with_split.jpg,image,2097805,0,Profile Plank L Pop with Split,Joanne's Flashcards,lyra,upload,,,35327f2b-9205-440f-8e38-f6da18f4dd54,2025-05-02T18:15:17.755Z,35327f2b-9205-440f-8e38-f6da18f4dd54,2025-05-02T18:15:17.755Z,0
66b78a6a-9fce-43a4-b2d7-4b0368f944d7,uplift/profile_sit.jpg,image,2401013,0,Profile Sit,Joanne's Flashcards,lyra,upload,,,35327f2b-9205-440f-8e38-f6da18f4dd54,2025-05-02T18:15:17.755Z,35327f2b-9205-440f-8e38-f6da18f4dd54,2025-05-02T18:15:17.755Z,0
d97c4d43-b05e-4de0-9d41-86ea02b238d5,uplift/prowl.jpg,image,2784131,0,Prowl,Joanne's Flashcards,lyra,upload,,,35327f2b-9205-440f-8e38-f6da18f4dd54,2025-05-02T18:15:17.755Z,35327f2b-9205-440f-8e38-f6da18f4dd54,2025-05-02T18:15:17.755Z,0
0aa4913c-feb8-4d57-ba90-726b6d088d33,uplift/running_man.jpg,image,1794134,0,Running Man,Joanne's Flashcards,lyra,upload,,,35327f2b-9205-440f-8e38-f6da18f4dd54,2025-05-02T18:15:17.755Z,35327f2b-9205-440f-8e38-f6da18f4dd54,2025-05-02T18:15:17.755Z,0
3fc048f3-c5cf-4d8a-9385-0d5a340496e1,uplift/running_man_cross_knee_release.jpg,image,1752895,0,Running Man Cross Knee Release,Joanne's Flashcards,lyra,upload,,,35327f2b-9205-440f-8e38-f6da18f4dd54,2025-05-02T18:15:17.755Z,35327f2b-9205-440f-8e38-f6da18f4dd54,2025-05-02T18:15:17.755Z,0
00da4148-e286-48a3-8dcd-a7300f70e40c,uplift/russian_roll.jpg,image,1569476,0,Russian Roll,Joanne's Flashcards,lyra,upload,,,35327f2b-9205-440f-8e38-f6da18f4dd54,2025-05-02T18:15:17.755Z,35327f2b-9205-440f-8e38-f6da18f4dd54,2025-05-02T18:15:17.755Z,0
401bf845-4833-4851-a968-dccea7250c8c,uplift/sacrum_balance_invert_top_bar.jpg,image,2816085,0,Sacrum Balance Invert Top Bar,Joanne's Flashcards,lyra,upload,,,35327f2b-9205-440f-8e38-f6da18f4dd54,2025-05-02T18:15:17.755Z,35327f2b-9205-440f-8e38-f6da18f4dd54,2025-05-02T18:15:17.755Z,0
cca7445f-8b76-4f94-a909-999bf257a4f0,uplift/scorpion_-_knee_hang_outside_top_bar.jpg,image,2943681,0,Scorpion - Knee Hang Outside Top Bar,Joanne's Flashcards,lyra,upload,,,35327f2b-9205-440f-8e38-f6da18f4dd54,2025-05-02T18:15:17.755Z,35327f2b-9205-440f-8e38-f6da18f4dd54,2025-05-02T18:15:17.755Z,0
c2e4df8a-991b-4b8d-a44b-49ad3589cc75,uplift/seated_forward_roll_-_legs_bent.jpg,image,3069819,0,Seated Forward Roll - Legs Bent,Joanne's Flashcards,lyra,upload,,,35327f2b-9205-440f-8e38-f6da18f4dd54,2025-05-02T18:15:17.755Z,35327f2b-9205-440f-8e38-f6da18f4dd54,2025-05-02T18:15:17.755Z,0
9eb4404b-6db2-4968-919b-727b3a4f1f07,uplift/seated_forward_roll_-_legs_straight.jpg,image,1117712,0,Seated Forward Roll - Legs Straight,Joanne's Flashcards,lyra,upload,,,35327f2b-9205-440f-8e38-f6da18f4dd54,2025-05-02T18:15:17.755Z,35327f2b-9205-440f-8e38-f6da18f4dd54,2025-05-02T18:15:17.755Z,0
e9a96b94-b9a3-4653-9bdd-f2b8ec6fa70c,uplift/secretary_sit_under_bar.jpg,image,3083348,0,Secretary Sit Under Bar,Joanne's Flashcards,lyra,upload,,,35327f2b-9205-440f-8e38-f6da18f4dd54,2025-05-02T18:15:17.755Z,35327f2b-9205-440f-8e38-f6da18f4dd54,2025-05-02T18:15:17.755Z,0
0493f6d5-8157-4377-9e9c-d2d0bc355dbb,uplift/shoulder_stand_arrow.jpg,image,3424758,0,Shoulder Stand Arrow,Joanne's Flashcards,lyra,upload,,,35327f2b-9205-440f-8e38-f6da18f4dd54,2025-05-02T18:15:17.755Z,35327f2b-9205-440f-8e38-f6da18f4dd54,2025-05-02T18:15:17.755Z,0
8cd4aa5e-3c32-4936-90d2-ffb18aab2c4a,uplift/shoulder_stand_delilah.jpg,image,2636528,0,Shoulder Stand Delilah,Joanne's Flashcards,lyra,upload,,,35327f2b-9205-440f-8e38-f6da18f4dd54,2025-05-02T18:15:17.755Z,35327f2b-9205-440f-8e38-f6da18f4dd54,2025-05-02T18:15:17.755Z,0
2e66ed6c-c99a-4806-b116-d8d677e3372e,uplift/shoulder_stand_double_knee_hang.jpg,image,1493398,0,Shoulder Stand Double Knee Hang,Joanne's Flashcards,lyra,upload,,,35327f2b-9205-440f-8e38-f6da18f4dd54,2025-05-02T18:15:17.755Z,35327f2b-9205-440f-8e38-f6da18f4dd54,2025-05-02T18:15:17.755Z,0
e3059aa6-d39f-4141-9560-15805ead5e29,uplift/shoulder_stand_pike.jpg,image,1991301,0,Shoulder Stand Pike,Joanne's Flashcards,lyra,upload,,,35327f2b-9205-440f-8e38-f6da18f4dd54,2025-05-02T18:15:17.755Z,35327f2b-9205-440f-8e38-f6da18f4dd54,2025-05-02T18:15:17.755Z,0
397a33d9-acd1-499b-97ac-2fe89f848aae,uplift/side_bar_inverted_secretary_sit.jpg,image,2234785,0,Side Bar Inverted Secretary Sit,Joanne's Flashcards,lyra,upload,,,35327f2b-9205-440f-8e38-f6da18f4dd54,2025-05-02T18:15:17.755Z,35327f2b-9205-440f-8e38-f6da18f4dd54,2025-05-02T18:15:17.755Z,0
614e6500-e0bd-4e06-b9b1-cc54820d3683,uplift/side_bar_thigh_hold.jpg,image,2086973,0,Side Bar Thigh Hold,Joanne's Flashcards,lyra,upload,,,35327f2b-9205-440f-8e38-f6da18f4dd54,2025-05-02T18:15:17.755Z,35327f2b-9205-440f-8e38-f6da18f4dd54,2025-05-02T18:15:17.755Z,0
f20d111b-0bbd-427a-aaf1-42d6bff48677,uplift/side_star_top_bar.jpg,image,2616854,0,Side Star Top Bar,Joanne's Flashcards,lyra,upload,,,35327f2b-9205-440f-8e38-f6da18f4dd54,2025-05-02T18:15:17.755Z,35327f2b-9205-440f-8e38-f6da18f4dd54,2025-05-02T18:15:17.755Z,0
f287b77d-8df7-49f6-bc81-7417c5e9831e,uplift/single_arm_hang.jpg,image,2671510,0,Single Arm Hang,Joanne's Flashcards,lyra,upload,,,35327f2b-9205-440f-8e38-f6da18f4dd54,2025-05-02T18:15:17.755Z,35327f2b-9205-440f-8e38-f6da18f4dd54,2025-05-02T18:15:17.755Z,0
99f0ecc5-8f61-479d-a07f-1e62bbf3177d,uplift/single_knee_hang_bottom_bar_2_hands.jpg,image,1365258,0,Single Knee Hang Bottom Bar 2 Hands,Joanne's Flashcards,lyra,upload,,,35327f2b-9205-440f-8e38-f6da18f4dd54,2025-05-02T18:15:17.755Z,35327f2b-9205-440f-8e38-f6da18f4dd54,2025-05-02T18:15:17.755Z,0
58562475-918c-4447-9983-23cf39f8e69d,uplift/single_knee_hook_-_no_hands.jpg,image,113622,0,Single Knee Hook - No Hands,Joanne's Flashcards,lyra,upload,,,35327f2b-9205-440f-8e38-f6da18f4dd54,2025-05-02T18:15:17.755Z,35327f2b-9205-440f-8e38-f6da18f4dd54,2025-05-02T18:15:17.755Z,0
a63fc0b8-fb3c-4ecb-abb0-81a3ed14f352,uplift/single_knee_hook_back_press_away.jpg,image,2445283,0,Single Knee Hook Back Press Away,Joanne's Flashcards,lyra,upload,,,35327f2b-9205-440f-8e38-f6da18f4dd54,2025-05-02T18:15:17.755Z,35327f2b-9205-440f-8e38-f6da18f4dd54,2025-05-02T18:15:17.755Z,0
15de0439-bf84-43b0-ac69-8691709de5ee,uplift/single_knee_hook_front_press_away.jpg,image,3199227,0,Single Knee Hook Front Press Away,Joanne's Flashcards,lyra,upload,,,35327f2b-9205-440f-8e38-f6da18f4dd54,2025-05-02T18:15:17.755Z,35327f2b-9205-440f-8e38-f6da18f4dd54,2025-05-02T18:15:17.755Z,0
88ac83f6-6671-4688-b250-3609e56a7548,uplift/sitting_top_bar.jpg,image,394230,0,Sitting Top Bar,Joanne's Flashcards,lyra,upload,,,35327f2b-9205-440f-8e38-f6da18f4dd54,2025-05-02T18:15:17.755Z,35327f2b-9205-440f-8e38-f6da18f4dd54,2025-05-02T18:15:17.755Z,0
0938944e-eca1-4dc3-89ad-b8b34bc83955,uplift/skin_the_cat_bottom_bar.jpg,image,1256679,0,Skin the Cat Bottom Bar,Joanne's Flashcards,lyra,upload,,,35327f2b-9205-440f-8e38-f6da18f4dd54,2025-05-02T18:15:17.755Z,35327f2b-9205-440f-8e38-f6da18f4dd54,2025-05-02T18:15:17.755Z,0
34f18361-6e61-4b0a-9313-748f13e26fa4,uplift/skin_the_cat_top_bar.jpg,image,263889,0,Skin the Cat Top Bar,Joanne's Flashcards,lyra,upload,,,35327f2b-9205-440f-8e38-f6da18f4dd54,2025-05-02T18:15:17.755Z,35327f2b-9205-440f-8e38-f6da18f4dd54,2025-05-02T18:15:17.755Z,0
f0ad7a21-e34a-44ea-9521-be25fadb87cf,uplift/sky_diver_bottom_bar.jpg,image,1521661,0,Sky Diver Bottom Bar,Joanne's Flashcards,lyra,upload,,,35327f2b-9205-440f-8e38-f6da18f4dd54,2025-05-02T18:15:17.755Z,35327f2b-9205-440f-8e38-f6da18f4dd54,2025-05-02T18:15:17.755Z,0
e7e40678-f267-4495-9b52-dbd621efbfd4,uplift/spider_under_bar.jpg,image,1878055,0,Spider Under Bar,Joanne's Flashcards,lyra,upload,,,35327f2b-9205-440f-8e38-f6da18f4dd54,2025-05-02T18:15:17.755Z,35327f2b-9205-440f-8e38-f6da18f4dd54,2025-05-02T18:15:17.755Z,0
5de5149a-aae2-4492-a1d2-ac7699cd68bf,uplift/split_leg_thru_window.jpg,image,1902831,0,Split Leg Thru Window,Joanne's Flashcards,lyra,upload,,,35327f2b-9205-440f-8e38-f6da18f4dd54,2025-05-02T18:15:17.755Z,35327f2b-9205-440f-8e38-f6da18f4dd54,2025-05-02T18:15:17.755Z,0
6794a907-6ebd-4c0c-98ad-94a8466d1cd8,uplift/split_leg_thru_window_reverse.jpg,image,1774639,0,Split Leg Thru Window Reverse,Joanne's Flashcards,lyra,upload,,,35327f2b-9205-440f-8e38-f6da18f4dd54,2025-05-02T18:15:17.755Z,35327f2b-9205-440f-8e38-f6da18f4dd54,2025-05-02T18:15:17.755Z,0
1cc9db46-dd9b-41e6-b73f-b7afc13cd863,uplift/splits_down_hip_squared.jpg,image,1935146,0,Splits Down Hip Squared,Joanne's Flashcards,lyra,upload,,,35327f2b-9205-440f-8e38-f6da18f4dd54,2025-05-02T18:15:17.755Z,35327f2b-9205-440f-8e38-f6da18f4dd54,2025-05-02T18:15:17.755Z,0
cab32f9d-9441-4020-83ce-479a39d8e3ff,uplift/stag.jpg,image,2546396,0,Stag,Joanne's Flashcards,lyra,upload,,,35327f2b-9205-440f-8e38-f6da18f4dd54,2025-05-02T18:15:17.755Z,35327f2b-9205-440f-8e38-f6da18f4dd54,2025-05-02T18:15:17.755Z,0
d77605ac-343b-4f51-a0c8-7ea0f09363a5,uplift/stag_drop.jpg,image,1459347,0,Stag Drop,Joanne's Flashcards,lyra,upload,,,35327f2b-9205-440f-8e38-f6da18f4dd54,2025-05-02T18:15:17.755Z,35327f2b-9205-440f-8e38-f6da18f4dd54,2025-05-02T18:15:17.755Z,0
a481c389-f5dc-4f96-a841-6b65431abcfd,uplift/stag_from_wine_glass.jpg,image,83550,0,Stag from Wine Glass,Joanne's Flashcards,lyra,upload,,,35327f2b-9205-440f-8e38-f6da18f4dd54,2025-05-02T18:15:17.755Z,35327f2b-9205-440f-8e38-f6da18f4dd54,2025-05-02T18:15:17.755Z,0
7ecf6d10-ffd7-40c7-a1cc-0734d4c498e8,uplift/stand_in_hoop_star.jpg,image,300953,0,Stand in Hoop Star,Joanne's Flashcards,lyra,upload,,,35327f2b-9205-440f-8e38-f6da18f4dd54,2025-05-02T18:15:17.755Z,35327f2b-9205-440f-8e38-f6da18f4dd54,2025-05-02T18:15:17.755Z,0
98292bb5-39b1-4f93-a0c8-2ab37b9d6490,uplift/stand_in_hoop_star_one_leg.jpg,image,306165,0,Stand in Hoop Star One Leg,Joanne's Flashcards,lyra,upload,,,35327f2b-9205-440f-8e38-f6da18f4dd54,2025-05-02T18:15:17.755Z,35327f2b-9205-440f-8e38-f6da18f4dd54,2025-05-02T18:15:17.755Z,0
c1109a1a-f78d-42b6-b542-cecd9d716c1b,uplift/stand_outside_hoop.jpg,image,3172600,0,Stand Outside Hoop,Joanne's Flashcards,lyra,upload,,,35327f2b-9205-440f-8e38-f6da18f4dd54,2025-05-02T18:15:17.755Z,35327f2b-9205-440f-8e38-f6da18f4dd54,2025-05-02T18:15:17.755Z,0
dee98ea2-49cd-4078-adf7-4b50feef21d8,uplift/standing_arabesque_inside_leg.jpg,image,3130456,0,Standing Arabesque Inside Leg,Joanne's Flashcards,lyra,upload,,,35327f2b-9205-440f-8e38-f6da18f4dd54,2025-05-02T18:15:17.755Z,35327f2b-9205-440f-8e38-f6da18f4dd54,2025-05-02T18:15:17.755Z,0
d864f49e-4c9a-4b89-9a06-c47fbab078ce,uplift/standing_arabesque_outside_leg.jpg,image,2857404,0,Standing Arabesque Outside Leg,Joanne's Flashcards,lyra,upload,,,35327f2b-9205-440f-8e38-f6da18f4dd54,2025-05-02T18:15:17.755Z,35327f2b-9205-440f-8e38-f6da18f4dd54,2025-05-02T18:15:17.755Z,0
3f7cfcd6-add1-40e1-acbd-3bbba940fe11,uplift/standing_in_hoop_stag_legs.jpg,image,2542500,0,Standing in Hoop Stag Legs,Joanne's Flashcards,lyra,upload,,,35327f2b-9205-440f-8e38-f6da18f4dd54,2025-05-02T18:15:17.755Z,35327f2b-9205-440f-8e38-f6da18f4dd54,2025-05-02T18:15:17.755Z,0
c8771265-6e49-4bec-8fd8-506e0f918d84,uplift/standing_inside_hoop.jpg,image,1982749,0,Standing Inside Hoop,Joanne's Flashcards,lyra,upload,,,35327f2b-9205-440f-8e38-f6da18f4dd54,2025-05-02T18:15:17.755Z,35327f2b-9205-440f-8e38-f6da18f4dd54,2025-05-02T18:15:17.755Z,0
d6200dfe-8be6-4644-bd18-c6dda64635ae,uplift/straddle_back_bottom_bar.jpg,image,1892745,0,Straddle Back Bottom Bar,Joanne's Flashcards,lyra,upload,,,35327f2b-9205-440f-8e38-f6da18f4dd54,2025-05-02T18:15:17.755Z,35327f2b-9205-440f-8e38-f6da18f4dd54,2025-05-02T18:15:17.755Z,0
8d399970-aff7-4071-9965-ce309c3dd75a,uplift/straddle_back_drop.jpg,image,2572533,0,Straddle Back Drop,Joanne's Flashcards,lyra,upload,,,35327f2b-9205-440f-8e38-f6da18f4dd54,2025-05-02T18:15:17.755Z,35327f2b-9205-440f-8e38-f6da18f4dd54,2025-05-02T18:15:17.755Z,0
c3b1f855-2c65-4ce4-ba69-57f54d4bfba3,uplift/straddle_back_inside_outside_top_bar.jpg,image,2266780,0,Straddle Back Inside Outside Top Bar,Joanne's Flashcards,lyra,upload,,,35327f2b-9205-440f-8e38-f6da18f4dd54,2025-05-02T18:15:17.755Z,35327f2b-9205-440f-8e38-f6da18f4dd54,2025-05-02T18:15:17.755Z,0
248c05fa-d2b1-4566-84c9-b390a107652e,uplift/straddle_back_top_bar.jpg,image,2736737,0,Straddle Back Top Bar,Joanne's Flashcards,lyra,upload,,,35327f2b-9205-440f-8e38-f6da18f4dd54,2025-05-02T18:15:17.755Z,35327f2b-9205-440f-8e38-f6da18f4dd54,2025-05-02T18:15:17.755Z,0
58cd3edc-b535-486c-a3d0-32d5e453131e,uplift/superman_-_hands_on.jpg,image,2139176,0,Superman - Hands On,Joanne's Flashcards,lyra,upload,,,35327f2b-9205-440f-8e38-f6da18f4dd54,2025-05-02T18:15:17.755Z,35327f2b-9205-440f-8e38-f6da18f4dd54,2025-05-02T18:15:17.755Z,0
3684ca17-375a-443c-b122-f31a15da14b8,uplift/superman_-_no_hands.jpg,image,1591053,0,Superman - No Hands,Joanne's Flashcards,lyra,upload,,,35327f2b-9205-440f-8e38-f6da18f4dd54,2025-05-02T18:15:17.755Z,35327f2b-9205-440f-8e38-f6da18f4dd54,2025-05-02T18:15:17.755Z,0
1e7784e6-1e55-4e6a-af3f-d8d342eb2ae5,uplift/threaded_leg_elbow_hook.jpg,image,2926416,0,Threaded Leg Elbow Hook,Joanne's Flashcards,lyra,upload,,,35327f2b-9205-440f-8e38-f6da18f4dd54,2025-05-02T18:15:17.755Z,35327f2b-9205-440f-8e38-f6da18f4dd54,2025-05-02T18:15:17.755Z,0
b7a3881e-7d1a-4ac1-b47a-88e2fca7c7fa,uplift/threaded_leg_exit.jpg,image,2167269,0,Threaded Leg Exit,Joanne's Flashcards,lyra,upload,,,35327f2b-9205-440f-8e38-f6da18f4dd54,2025-05-02T18:15:17.755Z,35327f2b-9205-440f-8e38-f6da18f4dd54,2025-05-02T18:15:17.755Z,0
660b0f2f-000f-4fa9-8baf-2d2ae38039b2,uplift/toe_squat.jpg,image,2307851,0,Toe Squat,Joanne's Flashcards,lyra,upload,,,35327f2b-9205-440f-8e38-f6da18f4dd54,2025-05-02T18:15:17.755Z,35327f2b-9205-440f-8e38-f6da18f4dd54,2025-05-02T18:15:17.755Z,0
99f922d6-dc4f-4f47-ae4b-3a4b820a80b8,uplift/top_bar_sit_reach_for_hoop.jpg,image,385747,0,Top Bar Sit Reach for Hoop,Joanne's Flashcards,lyra,upload,,,35327f2b-9205-440f-8e38-f6da18f4dd54,2025-05-02T18:15:17.755Z,35327f2b-9205-440f-8e38-f6da18f4dd54,2025-05-02T18:15:17.755Z,0
72576fec-c735-4295-8361-f01dcf6c56ee,uplift/tree_frog.jpg,image,1659505,0,Tree Frog,Joanne's Flashcards,lyra,upload,,,35327f2b-9205-440f-8e38-f6da18f4dd54,2025-05-02T18:15:17.755Z,35327f2b-9205-440f-8e38-f6da18f4dd54,2025-05-02T18:15:17.755Z,0
0f9b657e-899d-491c-a22c-4ace2ddcb212,uplift/twisted_pike.jpg,image,6582918,0,Twisted Pike,Joanne's Flashcards,lyra,upload,,,35327f2b-9205-440f-8e38-f6da18f4dd54,2025-05-02T18:15:17.755Z,35327f2b-9205-440f-8e38-f6da18f4dd54,2025-05-02T18:15:17.755Z,0
f2e3b8d3-1633-403b-9731-b29c6310c499,uplift/twisted_v.jpg,image,2182495,0,Twisted V,Joanne's Flashcards,lyra,upload,,,35327f2b-9205-440f-8e38-f6da18f4dd54,2025-05-02T18:15:17.755Z,35327f2b-9205-440f-8e38-f6da18f4dd54,2025-05-02T18:15:17.755Z,0
58e56212-1797-4715-958f-37fcbe561be1,uplift/unsupported_mermaid.jpg,image,2774593,0,Unsupported Mermaid,Joanne's Flashcards,lyra,upload,,,35327f2b-9205-440f-8e38-f6da18f4dd54,2025-05-02T18:15:17.755Z,35327f2b-9205-440f-8e38-f6da18f4dd54,2025-05-02T18:15:17.755Z,0
ecf30e85-019f-43f0-9c36-75af3cb5632c,uplift/vine_crawl.jpg,image,1397362,0,Vine Crawl,Joanne's Flashcards,lyra,upload,,,35327f2b-9205-440f-8e38-f6da18f4dd54,2025-05-02T18:15:17.755Z,35327f2b-9205-440f-8e38-f6da18f4dd54,2025-05-02T18:15:17.755Z,0
0c628298-f2f8-44da-888a-ec053ec6cf62,uplift/wine_glass.jpg,image,2482791,0,Wine Glass,Joanne's Flashcards,lyra,upload,,,35327f2b-9205-440f-8e38-f6da18f4dd54,2025-05-02T18:15:17.755Z,35327f2b-9205-440f-8e38-f6da18f4dd54,2025-05-02T18:15:17.755Z,0
32f9c19c-e936-41f4-8a29-ed663b9c6d45,default/missing_image.jpg,image,3532,0,Missing Image Placeholder,Default Images,,default,,,35327f2b-9205-440f-8e38-f6da18f4dd54,2025-05-02T18:15:17.755Z,35327f2b-9205-440f-8e38-f6da18f4dd54,2025-05-02T18:15:17.755Z,
